Product Name,Size,Milk,Whip,Calories,Total Fat (g),Cholesterol (mg),Total Carbohydrates (g),Sugar (g),Protein (g),Caffeine (mg)
Brewed Coffee - Dark Roast,Short,N/A,N/A,3,0.1,0,0,0,0.3,130
Brewed Coffee - Dark Roast,Tall,N/A,N/A,4,0.1,0,0,0,0.5,193
Brewed Coffee - Dark Roast,Grande,N/A,N/A,5,0.1,0,0,0,1,260
Brewed Coffee - Dark Roast,Venti®,N/A,N/A,5,0.1,0,0,0,1,340
Brewed Coffee Traveler - Dark Roast,1 - 236 mL serving,N/A,N/A,3,0.1,0,0,0,0.3,130
Brewed Coffee - Decaf Pike Place® Roast,Short,N/A,N/A,3,0.1,0,0,0,0.3,15
Brewed Coffee - Decaf Pike Place® Roast,Tall,N/A,N/A,4,0.1,0,0,0,0.5,20
Brewed Coffee - Decaf Pike Place® Roast,Grande,N/A,N/A,5,0.1,0,0,0,1,25
Brewed Coffee - Decaf Pike Place® Roast,Venti®,N/A,N/A,5,0.1,0,0,0,1,30
Brewed Coffee Traveler - Decaf Pike Place® Roast,1 - 236 mL serving,N/A,N/A,3,0.1,0,0,0,0.3,15
Brewed Coffee - Medium Roast,Short,N/A,N/A,3,0.1,0,0,0,0.3,155
Brewed Coffee - Medium Roast,Tall,N/A,N/A,4,0.1,0,0,0,0.5,235
Brewed Coffee - Medium Roast,Grande,N/A,N/A,5,0.1,0,0,0,1,310
Brewed Coffee - Medium Roast,Venti®,N/A,N/A,5,0.1,0,0,0,1,410
Brewed Coffee Traveler - Medium Roast,1 - 236 mL serving,N/A,N/A,3,0.1,0,0,0,0.3,155
Brewed Coffee - True North Blend Blonde Roast,Short,N/A,N/A,3,0.1,0,0,0,0.3,180
Brewed Coffee - True North Blend Blonde Roast,Tall,N/A,N/A,4,0.1,0,0,0,0.5,270
Brewed Coffee - True North Blend Blonde Roast,Grande,N/A,N/A,5,0.1,0,0,0,1,360
Brewed Coffee - True North Blend Blonde Roast,Venti®,N/A,N/A,5,0.1,0,0,0,1,475
Brewed Coffee Traveler - True North Blend Blonde Roast,1 - 236 mL serving,N/A,N/A,3,0.1,0,0,0,0.3,180
Caffè Misto,Short,Nonfat,N/A,35,0.1,0,5,5,4,75
Caffè Misto,Short,2%,N/A,50,2,10,5,5,4,75
Caffè Misto,Short,Whole,N/A,70,3.5,10,5,5,3,75
Caffè Misto,Short,Soy,N/A,40,1.5,0,3,2,3,75
Caffè Misto,Short,Coconut,N/A,40,2.5,0,4,3,0.4,75
Caffè Misto,Tall,Nonfat,N/A,60,0.2,5,8,8,6,115
Caffè Misto,Tall,2%,N/A,80,3,15,8,8,5,115
Caffè Misto,Tall,Whole,N/A,100,5,15,8,8,5,115
Caffè Misto,Tall,Soy,N/A,60,2.5,0,5,4,4,115
Caffè Misto,Tall,Coconut,N/A,60,3.5,0,6,5,1,115
Caffè Misto,Grande,Nonfat,N/A,70,0.2,5,10,10,7,150
Caffè Misto,Grande,2%,N/A,110,4,15,10,10,7,150
Caffè Misto,Grande,Whole,N/A,130,7,20,10,10,7,150
Caffè Misto,Grande,Soy,N/A,80,3,0,6,5,6,150
Caffè Misto,Grande,Coconut,N/A,70,4.5,0,7,7,1,150
Caffè Misto,Venti®,Nonfat,N/A,90,0.3,5,13,13,9,195
Caffè Misto,Venti®,2%,N/A,130,5,20,13,13,9,195
Caffè Misto,Venti®,Whole,N/A,160,9,25,13,13,9,195
Caffè Misto,Venti®,Soy,N/A,100,4,0,8,6,7,195
Caffè Misto,Venti®,Coconut,N/A,80,5,0,7,7,1,195
Clover® Brewed Coffee - Dark Roast,Short,N/A,N/A,10,0,0,0,0,0,190
Clover® Brewed Coffee - Dark Roast,Tall,N/A,N/A,10,0,0,0,0,0,280
Clover® Brewed Coffee - Dark Roast,Grande,N/A,N/A,10,0,0,0,0,1,380
Clover® Brewed Coffee - Dark Roast,Venti®,N/A,N/A,10,0,0,0,0,1,470
Clover® Brewed Coffee - Light Roast,Short,N/A,N/A,10,0,0,0,0,0,155
Clover® Brewed Coffee - Light Roast,Tall,N/A,N/A,10,0,0,0,0,0,255
Clover® Brewed Coffee - Light Roast,Grande,N/A,N/A,10,0,0,0,0,1,340
Clover® Brewed Coffee - Light Roast,Venti®,N/A,N/A,10,0,0,0,0,1,425
Clover® Brewed Coffee - Medium Roast,Short,N/A,N/A,10,0,0,0,0,0,170
Clover® Brewed Coffee - Medium Roast,Tall,N/A,N/A,10,0,0,0,0,0,280
Clover® Brewed Coffee - Medium Roast,Grande,N/A,N/A,10,0,0,0,0,1,375
Clover® Brewed Coffee - Medium Roast,Venti®,N/A,N/A,10,0,0,0,0,1,445
Iced Coffee,Tall,N/A,N/A,60,0,0,15,15,0.2,120
Iced Coffee,Grande,N/A,N/A,80,0.1,0,20,20,0.3,165
Iced Coffee,Venti®,N/A,N/A,120,0.1,0,30,30,0.4,235
Iced Coffee,Trenta,N/A,N/A,160,0.1,0,40,39,1,280
Iced Coffee with Milk,Tall,Nonfat,N/A,80,0.1,0,17,17,2,90
Iced Coffee with Milk,Tall,2%,N/A,80,1,5,17,17,2,90
Iced Coffee with Milk,Tall,Whole,N/A,90,1.5,5,17,17,2,90
Iced Coffee with Milk,Tall,Soy,N/A,80,1,0,16,16,2,90
Iced Coffee with Milk,Tall,Coconut,N/A,80,1,0,17,16,0.3,110
Iced Coffee with Milk,Grande,Nonfat,N/A,100,0.1,0,23,23,2,125
Iced Coffee with Milk,Grande,2%,N/A,110,1.5,5,23,23,2,125
Iced Coffee with Milk,Grande,Whole,N/A,120,2,5,23,23,2,125
Iced Coffee with Milk,Grande,Soy,N/A,110,1,0,22,21,2,125
Iced Coffee with Milk,Grande,Coconut,N/A,100,1.5,0,22,22,0.4,150
Iced Coffee with Milk,Venti®,Nonfat,N/A,160,0.1,0,35,35,4,170
Iced Coffee with Milk,Venti®,2%,N/A,170,2,10,35,35,4,170
Iced Coffee with Milk,Venti®,Whole,N/A,190,3.5,10,35,35,4,170
Iced Coffee with Milk,Venti®,Soy,N/A,160,1.5,0,33,32,3,170
Iced Coffee with Milk,Venti®,Coconut,N/A,160,2.5,0,33,33,1,205
Iced Coffee with Milk,Trenta,Nonfat,N/A,210,0.2,5,46,46,5,190
Iced Coffee with Milk,Trenta,2%,N/A,230,3,10,46,46,5,190
Iced Coffee with Milk,Trenta,Whole,N/A,240,4.5,15,46,46,5,190
Iced Coffee with Milk,Trenta,Soy,N/A,220,2,0,44,43,4,190
Iced Coffee with Milk,Trenta,Coconut,N/A,210,3,0,44,44,1,190
Cold Brewed Coffee,Tall,N/A,N/A,2,0,0,0,0,0.1,150
Cold Brewed Coffee,Grande,N/A,N/A,3,0,0,0,0,0.2,200
Cold Brewed Coffee,Venti®,N/A,N/A,4,0,0,0,0,0.3,300
Cold Brewed Coffee,Trenta,N/A,N/A,5,0,0,0,0,0.3,330
Vanilla Sweet Cream Cold Brew,Tall,N/A,N/A,100,6,20,12,12,1,140
Vanilla Sweet Cream Cold Brew,Grande,N/A,N/A,110,6,20,14,14,1,185
Vanilla Sweet Cream Cold Brew,Venti®,N/A,N/A,200,11,40,24,24,1,275
Vanilla Sweet Cream Cold Brew,Trenta,N/A,N/A,210,11,40,26,26,2,320
Caffè Americano,Short,N/A,N/A,5,0,0,1,0,0,75
Caffè Americano,Tall,N/A,N/A,10,0,0,2,0,1,150
Caffè Americano,Grande,N/A,N/A,15,0,0,3,0,1,225
Caffè Americano,Venti®,N/A,N/A,25,0,0,4,0,1,300
Iced Caffè Americano,Tall,N/A,N/A,10,0,0,2,0,1,150
Iced Caffè Americano,Grande,N/A,N/A,15,0,0,3,0,1,225
Iced Caffè Americano,Venti®,N/A,N/A,25,0,0,4,0,1,300
Caffè Latte,Short,Nonfat,N/A,70,0.1,5,10,9,6,75
Caffè Latte,Short,2%,N/A,100,3.5,15,10,9,6,75
Caffè Latte,Short,Whole,N/A,110,6,20,10,9,6,75
Caffè Latte,Short,Soy,N/A,70,2.5,0,6,4,5,75
Caffè Latte,Short,Coconut,N/A,70,4,0,7,6,1,75
Caffè Latte,Tall,Nonfat,N/A,100,0.2,5,15,14,10,75
Caffè Latte,Tall,2%,N/A,150,6,25,15,14,10,75
Caffè Latte,Tall,Whole,N/A,180,9,30,15,14,9,75
Caffè Latte,Tall,Soy,N/A,110,4.5,0,10,6,8,75
Caffè Latte,Tall,Coconut,N/A,110,7,0,11,10,1,75
Caffè Latte,Grande,Nonfat,N/A,130,0.3,5,19,18,13,150
Caffè Latte,Grande,2%,N/A,190,7,30,19,17,12,150
Caffè Latte,Grande,Whole,N/A,230,11,35,19,17,12,150
Caffè Latte,Grande,Soy,N/A,150,5,0,13,8,10,150
Caffè Latte,Grande,Coconut,N/A,140,8,0,14,12,1,150
Caffè Latte,Venti®,Nonfat,N/A,170,0.4,10,25,23,16,150
Caffè Latte,Venti®,2%,N/A,240,9,35,24,22,16,150
Caffè Latte,Venti®,Whole,N/A,290,15,45,24,22,15,150
Caffè Latte,Venti®,Soy,N/A,190,7,0,16,11,13,150
Caffè Latte,Venti®,Coconut,N/A,170,11,0,18,16,2,150
Iced Caffè Latte,Tall,Nonfat,N/A,70,0.1,5,10,9,6,75
Iced Caffè Latte,Tall,2%,N/A,100,3.5,15,10,9,6,75
Iced Caffè Latte,Tall,Whole,N/A,120,6,20,10,9,6,75
Iced Caffè Latte,Tall,Soy,N/A,80,3,0,7,4,5,75
Iced Caffè Latte,Tall,Coconut,N/A,70,4,0,7,6,1,75
Iced Caffè Latte,Grande,Nonfat,N/A,90,0.2,5,13,11,8,150
Iced Caffè Latte,Grande,2%,N/A,130,4.5,20,13,11,8,150
Iced Caffè Latte,Grande,Whole,N/A,150,7,25,13,11,8,150
Iced Caffè Latte,Grande,Soy,N/A,100,3.5,0,9,5,7,150
Iced Caffè Latte,Grande,Coconut,N/A,90,5,0,10,8,1,150
Iced Caffè Latte,Venti®,Nonfat,N/A,130,0.3,5,19,16,12,225
Iced Caffè Latte,Venti®,2%,N/A,180,6,25,18,15,12,225
Iced Caffè Latte,Venti®,Whole,N/A,210,10,30,18,15,11,225
Iced Caffè Latte,Venti®,Soy,N/A,150,5,0,13,8,10,225
Iced Caffè Latte,Venti®,Coconut,N/A,130,7,0,14,11,2,225
Caffè Mocha,Short,Nonfat,No Whip,120,1.5,5,21,17,7,90
Caffè Mocha,Short,Nonfat,Whip,180,6,20,23,18,7,90
Caffè Mocha,Short,2%,No Whip,150,4,10,21,17,7,90
Caffè Mocha,Short,2%,Whip,200,9,30,22,18,7,90
Caffè Mocha,Short,Whole,No Whip,160,6,15,21,17,6,90
Caffè Mocha,Short,Whole,Whip,210,11,35,22,18,7,90
Caffè Mocha,Short,Soy,No Whip,130,3.5,0,18,13,6,90
Caffè Mocha,Short,Soy,Whip,180,9,20,20,14,6,90
Caffè Mocha,Short,Coconut,No Whip,130,4.5,0,19,15,2,90
Caffè Mocha,Short,Coconut,Whip,180,10,20,21,16,2,90
Caffè Mocha,Tall,Nonfat,No Whip,190,2,5,32,27,10,95
Caffè Mocha,Tall,Nonfat,Whip,250,8,25,34,28,11,95
Caffè Mocha,Tall,2%,No Whip,230,6,20,32,26,10,95
Caffè Mocha,Tall,2%,Whip,290,13,40,34,28,11,95
Caffè Mocha,Tall,Whole,No Whip,250,9,25,32,26,10,95
Caffè Mocha,Tall,Whole,Whip,310,16,45,34,28,10,95
Caffè Mocha,Tall,Soy,No Whip,200,5,0,28,20,9,95
Caffè Mocha,Tall,Soy,Whip,260,11,25,30,22,9,95
Caffè Mocha,Tall,Coconut,No Whip,190,7,0,29,23,3,95
Caffè Mocha,Tall,Coconut,Whip,250,13,25,30,25,3,95
Caffè Mocha,Grande,Nonfat,No Whip,250,2.5,5,42,34,13,175
Caffè Mocha,Grande,Nonfat,Whip,320,10,30,44,36,14,175
Caffè Mocha,Grande,2%,No Whip,290,8,25,42,34,13,175
Caffè Mocha,Grande,2%,Whip,360,15,50,44,35,13,175
Caffè Mocha,Grande,Whole,No Whip,330,12,30,42,34,13,175
Caffè Mocha,Grande,Whole,Whip,400,19,55,44,35,13,175
Caffè Mocha,Grande,Soy,No Whip,260,7,0,37,26,11,175
Caffè Mocha,Grande,Soy,Whip,330,14,25,39,28,12,175
Caffè Mocha,Grande,Coconut,No Whip,250,9,0,38,30,4,175
Caffè Mocha,Grande,Coconut,Whip,320,16,25,40,32,4,175
Caffè Mocha,Venti®,Nonfat,No Whip,310,3.5,10,54,44,17,185
Caffè Mocha,Venti®,Nonfat,Whip,390,10,35,56,45,18,185
Caffè Mocha,Venti®,2%,No Whip,380,11,30,53,43,17,185
Caffè Mocha,Venti®,2%,Whip,450,18,55,55,45,17,185
Caffè Mocha,Venti®,Whole,No Whip,420,16,40,53,43,16,185
Caffè Mocha,Venti®,Whole,Whip,490,23,65,55,45,17,185
Caffè Mocha,Venti®,Soy,No Whip,330,9,0,46,34,15,185
Caffè Mocha,Venti®,Soy,Whip,400,16,25,48,35,15,185
Caffè Mocha,Venti®,Coconut,No Whip,320,12,0,48,38,5,185
Caffè Mocha,Venti®,Coconut,Whip,390,19,25,50,40,5,185
Iced Caffè Mocha,Tall,Nonfat,No Whip,150,2,5,27,22,7,95
Iced Caffè Mocha,Tall,Nonfat,Whip,240,10,30,30,23,7,95
Iced Caffè Mocha,Tall,2%,No Whip,180,4.5,10,27,21,7,95
Iced Caffè Mocha,Tall,2%,Whip,260,12,40,29,23,7,95
Iced Caffè Mocha,Tall,Whole,No Whip,190,6,15,27,21,7,95
Iced Caffè Mocha,Tall,Whole,Whip,270,14,45,29,23,7,95
Iced Caffè Mocha,Tall,Soy,No Whip,160,4,0,25,18,6,95
Iced Caffè Mocha,Tall,Soy,Whip,240,12,30,27,20,7,95
Iced Caffè Mocha,Tall,Coconut,No Whip,150,5,0,25,19,3,95
Iced Caffè Mocha,Tall,Coconut,Whip,240,13,30,27,22,3,95
Iced Caffè Mocha,Grande,Nonfat,No Whip,200,2.5,5,36,28,9,175
Iced Caffè Mocha,Grande,Nonfat,Whip,320,14,45,40,30,10,175
Iced Caffè Mocha,Grande,2%,No Whip,230,6,15,36,28,9,175
Iced Caffè Mocha,Grande,2%,Whip,350,17,55,39,30,10,175
Iced Caffè Mocha,Grande,Whole,No Whip,250,8,15,36,28,9,175
Iced Caffè Mocha,Grande,Whole,Whip,360,19,60,39,30,9,175
Iced Caffè Mocha,Grande,Soy,No Whip,210,5,0,33,24,8,175
Iced Caffè Mocha,Grande,Soy,Whip,330,16,40,37,26,9,175
Iced Caffè Mocha,Grande,Coconut,No Whip,210,6,0,34,26,4,175
Iced Caffè Mocha,Grande,Coconut,Whip,320,18,40,37,29,4,175
Iced Caffè Mocha,Venti®,Nonfat,No Whip,300,3.5,5,53,41,13,265
Iced Caffè Mocha,Venti®,Nonfat,Whip,410,15,45,57,43,14,265
Iced Caffè Mocha,Venti®,2%,No Whip,340,8,20,53,41,13,265
Iced Caffè Mocha,Venti®,2%,Whip,450,19,60,56,43,13,265
Iced Caffè Mocha,Venti®,Whole,No Whip,360,11,25,53,41,12,265
Iced Caffè Mocha,Venti®,Whole,Whip,470,22,65,56,43,13,265
Iced Caffè Mocha,Venti®,Soy,No Whip,310,7,0,49,35,12,265
Iced Caffè Mocha,Venti®,Soy,Whip,430,18,40,53,37,12,265
Iced Caffè Mocha,Venti®,Coconut,No Whip,300,9,0,50,38,5,265
Iced Caffè Mocha,Venti®,Coconut,Whip,420,20,40,53,41,6,265
Cappuccino,Short,Nonfat,N/A,50,0.1,5,8,7,5,75
Cappuccino,Short,2%,N/A,80,3,10,8,7,5,75
Cappuccino,Short,Whole,N/A,90,4.5,15,8,7,5,75
Cappuccino,Short,Soy,N/A,50,1.5,0,4,3,3,75
Cappuccino,Short,Coconut,N/A,70,4,0,7,6,1,75
Cappuccino,Tall,Nonfat,N/A,60,0.1,5,9,8,6,75
Cappuccino,Tall,2%,N/A,90,3.5,15,9,8,6,75
Cappuccino,Tall,Whole,N/A,110,6,15,9,8,6,75
Cappuccino,Tall,Soy,N/A,70,3,0,7,4,5,75
Cappuccino,Tall,Coconut,N/A,100,6,0,11,9,1,75
Cappuccino,Grande,Nonfat,N/A,80,0.2,5,12,10,8,150
Cappuccino,Grande,2%,N/A,120,4,15,12,10,8,150
Cappuccino,Grande,Whole,N/A,140,7,20,12,10,7,150
Cappuccino,Grande,Soy,N/A,100,3.5,0,9,5,7,150
Cappuccino,Grande,Coconut,N/A,130,8,0,14,12,1,150
Cappuccino,Venti®,Nonfat,N/A,110,0.2,5,16,14,10,150
Cappuccino,Venti®,2%,N/A,150,6,25,16,14,10,150
Cappuccino,Venti®,Whole,N/A,190,9,30,16,14,10,150
Cappuccino,Venti®,Soy,N/A,120,4.5,0,11,7,9,150
Cappuccino,Venti®,Coconut,N/A,170,10,0,18,15,2,150
Caramel Macchiato,Short,Nonfat,N/A,100,1,5,16,15,5,75
Caramel Macchiato,Short,2%,N/A,120,4,15,16,15,5,75
Caramel Macchiato,Short,Whole,N/A,140,6,20,16,15,5,75
Caramel Macchiato,Short,Soy,N/A,100,3,0,14,11,4,75
Caramel Macchiato,Short,Coconut,N/A,100,4,0,14,13,1,75
Caramel Macchiato,Tall,Nonfat,N/A,150,1.5,10,27,25,8,75
Caramel Macchiato,Tall,2%,N/A,190,6,20,26,25,8,75
Caramel Macchiato,Tall,Whole,N/A,210,9,25,26,25,8,75
Caramel Macchiato,Tall,Soy,N/A,160,4.5,5,22,19,6,75
Caramel Macchiato,Tall,Coconut,N/A,150,6,5,23,21,1,75
Caramel Macchiato,Grande,Nonfat,N/A,200,1.5,10,36,34,11,150
Caramel Macchiato,Grande,2%,N/A,250,7,25,35,33,10,150
Caramel Macchiato,Grande,Whole,N/A,280,11,35,35,33,10,150
Caramel Macchiato,Grande,Soy,N/A,210,6,5,30,26,9,150
Caramel Macchiato,Grande,Coconut,N/A,200,8,5,32,29,1,150
Caramel Macchiato,Venti®,Nonfat,N/A,250,1.5,10,45,42,13,150
Caramel Macchiato,Venti®,2%,N/A,310,9,35,44,42,13,150
Caramel Macchiato,Venti®,Whole,N/A,350,13,40,44,42,12,150
Caramel Macchiato,Venti®,Soy,N/A,260,7,5,38,33,11,150
Caramel Macchiato,Venti®,Coconut,N/A,250,10,5,39,36,1,150
Iced Caramel Macchiato,Tall,Nonfat,N/A,140,1.5,10,26,24,7,75
Iced Caramel Macchiato,Tall,2%,N/A,180,5,20,26,24,7,75
Iced Caramel Macchiato,Tall,Whole,N/A,200,8,25,26,24,7,75
Iced Caramel Macchiato,Tall,Soy,N/A,160,4.5,5,22,19,6,75
Iced Caramel Macchiato,Tall,Coconut,N/A,140,6,5,23,21,1,75
Iced Caramel Macchiato,Grande,Nonfat,N/A,210,2,10,37,35,10,150
Iced Caramel Macchiato,Grande,2%,N/A,250,7,25,37,34,10,150
Iced Caramel Macchiato,Grande,Whole,N/A,280,11,35,37,34,9,150
Iced Caramel Macchiato,Grande,Soy,N/A,220,6,5,32,28,8,150
Iced Caramel Macchiato,Grande,Coconut,N/A,210,8,5,33,30,1,150
Iced Caramel Macchiato,Venti®,Nonfat,N/A,290,2.5,15,53,50,14,225
Iced Caramel Macchiato,Venti®,2%,N/A,350,9,35,53,49,13,225
Iced Caramel Macchiato,Venti®,Whole,N/A,390,14,45,53,49,13,225
Iced Caramel Macchiato,Venti®,Soy,N/A,310,8,5,47,40,11,225
Iced Caramel Macchiato,Venti®,Coconut,N/A,290,10,5,47,43,2,225
Cinnamon Dolce Latte,Short,Nonfat,No Whip,100,0.1,5,20,19,6,75
Cinnamon Dolce Latte,Short,Nonfat,Whip,160,5,20,22,21,6,75
Cinnamon Dolce Latte,Short,2%,No Whip,130,3,15,20,19,6,75
Cinnamon Dolce Latte,Short,2%,Whip,180,8,30,22,20,6,75
Cinnamon Dolce Latte,Short,Whole,No Whip,150,5,15,20,19,5,75
Cinnamon Dolce Latte,Short,Whole,Whip,200,10,35,22,20,6,75
Cinnamon Dolce Latte,Short,Soy,No Whip,110,2.5,0,17,15,5,75
Cinnamon Dolce Latte,Short,Soy,Whip,170,8,20,19,16,5,75
Cinnamon Dolce Latte,Short,Coconut,No Whip,110,3.5,0,18,17,1,75
Cinnamon Dolce Latte,Short,Coconut,Whip,160,9,20,20,19,1,75
Cinnamon Dolce Latte,Tall,Nonfat,No Whip,160,0.2,5,31,30,9,75
Cinnamon Dolce Latte,Tall,Nonfat,Whip,220,6,30,33,31,9,75
Cinnamon Dolce Latte,Tall,2%,No Whip,200,5,20,30,29,9,75
Cinnamon Dolce Latte,Tall,2%,Whip,270,11,45,32,31,9,75
Cinnamon Dolce Latte,Tall,Whole,No Whip,230,8,25,30,29,8,75
Cinnamon Dolce Latte,Tall,Whole,Whip,290,14,50,32,31,9,75
Cinnamon Dolce Latte,Tall,Soy,No Whip,170,4,0,26,23,7,75
Cinnamon Dolce Latte,Tall,Soy,Whip,240,10,20,28,25,8,75
Cinnamon Dolce Latte,Tall,Coconut,No Whip,160,6,0,27,26,1,75
Cinnamon Dolce Latte,Tall,Coconut,Whip,230,12,20,29,28,1,75
Cinnamon Dolce Latte,Grande,Nonfat,No Whip,210,0.3,5,40,38,11,150
Cinnamon Dolce Latte,Grande,Nonfat,Whip,280,7,30,43,40,12,150
Cinnamon Dolce Latte,Grande,2%,No Whip,260,6,25,40,38,11,150
Cinnamon Dolce Latte,Grande,2%,Whip,330,13,50,42,40,12,150
Cinnamon Dolce Latte,Grande,Whole,No Whip,300,10,30,40,38,11,150
Cinnamon Dolce Latte,Grande,Whole,Whip,370,17,60,42,40,11,150
Cinnamon Dolce Latte,Grande,Soy,No Whip,220,5,0,34,30,9,150
Cinnamon Dolce Latte,Grande,Soy,Whip,300,12,25,37,32,10,150
Cinnamon Dolce Latte,Grande,Coconut,No Whip,210,7,0,36,33,1,150
Cinnamon Dolce Latte,Grande,Coconut,Whip,290,14,25,38,36,2,150
Cinnamon Dolce Latte,Venti®,Nonfat,No Whip,270,0.3,10,51,49,15,150
Cinnamon Dolce Latte,Venti®,Nonfat,Whip,340,7,35,54,51,15,150
Cinnamon Dolce Latte,Venti®,2%,No Whip,330,8,35,50,48,15,150
Cinnamon Dolce Latte,Venti®,2%,Whip,410,15,60,53,50,15,150
Cinnamon Dolce Latte,Venti®,Whole,No Whip,380,14,40,50,48,14,150
Cinnamon Dolce Latte,Venti®,Whole,Whip,450,21,70,53,50,14,150
Cinnamon Dolce Latte,Venti®,Soy,No Whip,280,6,0,43,38,12,150
Cinnamon Dolce Latte,Venti®,Soy,Whip,360,13,25,46,40,12,150
Cinnamon Dolce Latte,Venti®,Coconut,No Whip,270,10,0,45,42,2,150
Cinnamon Dolce Latte,Venti®,Coconut,Whip,350,17,25,47,45,2,150
Espresso,Solo,N/A,N/A,5,0,0,1,0,0,75
Espresso,Doppio,N/A,N/A,10,0,0,2,0,1,150
Espresso,Triple,N/A,N/A,15,0,0,3,0,2,225
Espresso,Quad,N/A,N/A,20,0,0,4,0,2,300
Iced Espresso,Solo,N/A,N/A,5,0,0,1,0,0,75
Iced Espresso,Doppio,N/A,N/A,10,0,0,2,0,1,150
Iced Espresso,Triple,N/A,N/A,15,0,0,3,0,2,225
Iced Espresso,Quad,N/A,N/A,20,0,0,4,0,2,300
Espresso Con Panna,Solo,N/A,Whip,30,2.5,10,2,1,0.5,75
Espresso Con Panna,Doppio,N/A,Whip,35,2.5,10,3,1,1,150
Espresso Con Panna,Triple,N/A,Whip,40,2.5,10,4,1,1,225
Espresso Con Panna,Quad,N/A,Whip,50,2.5,10,5,1,2,300
Espresso Macchiato,Solo,Nonfat,N/A,5,0,0,1,0,0.5,75
Espresso Macchiato,Solo,2%,N/A,10,0.1,0,1,0,0.5,75
Espresso Macchiato,Solo,Whole,N/A,10,0.1,0,1,0,0.5,75
Espresso Macchiato,Solo,Soy,N/A,5,0.1,0,1,0,0.4,75
Espresso Macchiato,Solo,Coconut,N/A,5,0.1,0,1,0,0.3,75
Espresso Macchiato,Doppio,Nonfat,N/A,15,0,0,2,0,1,150
Espresso Macchiato,Doppio,2%,N/A,15,0.1,0,2,0,1,150
Espresso Macchiato,Doppio,Whole,N/A,15,0.1,0,2,0,1,150
Espresso Macchiato,Doppio,Soy,N/A,15,0.1,0,2,0,1,150
Espresso Macchiato,Doppio,Coconut,N/A,10,0.1,0,2,0,1,150
Espresso Macchiato,Triple,Nonfat,N/A,20,0,0,3,0,1,225
Espresso Macchiato,Triple,2%,N/A,20,0.1,0,3,0,1,225
Espresso Macchiato,Triple,Whole,N/A,20,0.1,0,3,0,1,225
Espresso Macchiato,Triple,Soy,N/A,20,0.1,0,3,0,1,225
Espresso Macchiato,Triple,Coconut,N/A,20,0.1,0,3,0,1,225
Espresso Macchiato,Quad,Nonfat,N/A,25,0,0,4,0,2,300
Espresso Macchiato,Quad,2%,N/A,25,0.1,0,4,0,2,300
Espresso Macchiato,Quad,Whole,N/A,25,0.1,0,4,0,2,300
Espresso Macchiato,Quad,Soy,N/A,25,0.1,0,4,0,2,300
Espresso Macchiato,Quad,Coconut,N/A,25,0.1,0,4,0,2,300
Flat White,Short,Nonfat,N/A,60,0.1,5,9,8,6,130
Flat White,Short,2%,N/A,90,3.5,15,9,8,6,130
Flat White,Short,Whole,N/A,110,5,15,9,8,6,130
Flat White,Short,Soy,N/A,70,2.5,0,6,4,5,130
Flat White,Short,Coconut,N/A,60,4,0,7,5,1,130
Flat White,Tall,Nonfat,N/A,100,0.2,5,15,13,10,130
Flat White,Tall,2%,N/A,140,5,20,14,13,9,130
Flat White,Tall,Whole,N/A,170,9,25,14,13,9,130
Flat White,Tall,Soy,N/A,110,4,0,10,6,8,130
Flat White,Tall,Coconut,N/A,100,6,0,11,9,1,130
Flat White,Grande,Nonfat,N/A,130,0.3,5,19,17,12,195
Flat White,Grande,2%,N/A,180,7,30,18,17,12,195
Flat White,Grande,Whole,N/A,220,11,35,18,17,12,195
Flat White,Grande,Soy,N/A,150,5,0,13,8,10,195
Flat White,Grande,Coconut,N/A,130,8,0,14,11,1,195
Flat White,Venti®,Nonfat,N/A,170,0.4,10,24,23,16,195
Flat White,Venti®,2%,N/A,240,9,35,24,22,16,195
Flat White,Venti®,Whole,N/A,290,15,45,24,22,15,195
Flat White,Venti®,Soy,N/A,190,7,0,16,11,13,195
Flat White,Venti®,Coconut,N/A,170,10,0,18,15,2,195
Latte Macchiato,Short,Nonfat,N/A,60,0.1,5,10,8,6,150
Latte Macchiato,Short,2%,N/A,90,3.5,15,9,8,6,150
Latte Macchiato,Short,Whole,N/A,110,5,15,9,8,6,150
Latte Macchiato,Short,Soy,N/A,70,2.5,0,7,4,5,150
Latte Macchiato,Short,Coconut,N/A,70,3.5,0,7,5,1,150
Latte Macchiato,Tall,Nonfat,N/A,100,0.2,5,15,13,10,150
Latte Macchiato,Tall,2%,N/A,140,5,20,15,13,9,150
Latte Macchiato,Tall,Whole,N/A,170,9,25,15,13,9,150
Latte Macchiato,Tall,Soy,N/A,110,4,0,10,6,8,150
Latte Macchiato,Tall,Coconut,N/A,100,6,0,11,9,1,150
Latte Macchiato,Grande,Nonfat,N/A,130,0.3,5,19,17,12,225
Latte Macchiato,Grande,2%,N/A,190,7,30,19,17,12,225
Latte Macchiato,Grande,Whole,N/A,220,11,35,19,17,12,225
Latte Macchiato,Grande,Soy,N/A,140,5,0,13,8,10,225
Latte Macchiato,Grande,Coconut,N/A,130,8,0,14,11,2,225
Latte Macchiato,Venti®,Nonfat,N/A,170,0.4,10,25,23,16,225
Latte Macchiato,Venti®,2%,N/A,240,9,35,24,22,16,225
Latte Macchiato,Venti®,Whole,N/A,290,15,45,24,22,15,225
Latte Macchiato,Venti®,Soy,N/A,190,7,0,16,10,13,225
Latte Macchiato,Venti®,Coconut,N/A,170,10,0,18,15,2,225
Skinny Cinnamon Dolce Latte,Short,Nonfat,N/A,60,0.1,5,9,8,6,75
Skinny Cinnamon Dolce Latte,Tall,Nonfat,N/A,100,0.2,5,14,13,9,75
Skinny Cinnamon Dolce Latte,Grande,Nonfat,N/A,120,0.3,5,19,16,12,150
Skinny Cinnamon Dolce Latte,Venti®,Nonfat,N/A,160,0.3,10,24,21,15,150
Iced Skinny Cinnamon Dolce Latte,Tall,Nonfat,N/A,60,0.1,5,9,8,6,75
Iced Skinny Cinnamon Dolce Latte,Grande,Nonfat,N/A,80,0.2,5,12,10,7,150
Iced Skinny Cinnamon Dolce Latte,Venti®,Nonfat,N/A,110,0.2,5,17,14,10,225
Skinny Mocha,Short,Nonfat,N/A,80,1,5,12,7,7,75
Skinny Mocha,Tall,Nonfat,N/A,130,1,5,18,12,11,75
Skinny Mocha,Grande,Nonfat,N/A,160,1.5,5,24,15,14,150
Skinny Mocha,Venti®,Nonfat,N/A,210,2,10,30,19,18,150
Iced Skinny Mocha,Tall,Nonfat,N/A,90,1,5,13,7,7,75
Iced Skinny Mocha,Grande,Nonfat,N/A,120,1.5,5,17,8,9,150
Iced Skinny Mocha,Venti®,Nonfat,N/A,170,2.5,5,25,11,13,225
Starbucks Doubleshot on Ice,Tall,Nonfat,N/A,70,0,0,14,13,3,150
Starbucks Doubleshot on Ice,Tall,2%,N/A,80,1,5,14,13,3,150
Starbucks Doubleshot on Ice,Tall,Whole,N/A,90,2,5,14,13,2,150
Starbucks Doubleshot on Ice,Tall,Soy,N/A,70,1,0,13,11,2,150
Starbucks Doubleshot on Ice,Tall,Coconut,N/A,70,1.5,0,13,12,1,150
Starbucks Doubleshot on Ice,Grande,Nonfat,N/A,90,0,0,20,18,3,225
Starbucks Doubleshot on Ice,Grande,2%,N/A,100,1,5,20,18,3,225
Starbucks Doubleshot on Ice,Grande,Whole,N/A,110,2,5,20,18,3,225
Starbucks Doubleshot on Ice,Grande,Soy,N/A,100,1,0,19,16,3,225
Starbucks Doubleshot on Ice,Grande,Coconut,N/A,90,1.5,0,19,17,1,225
Starbucks Doubleshot on Ice,Venti®,Nonfat,N/A,150,0.1,0,33,29,4,375
Starbucks Doubleshot on Ice,Venti®,2%,N/A,170,2,5,33,29,4,375
Starbucks Doubleshot on Ice,Venti®,Whole,N/A,180,3,10,33,29,4,375
Starbucks Doubleshot on Ice,Venti®,Soy,N/A,160,1.5,0,31,27,4,375
Starbucks Doubleshot on Ice,Venti®,Coconut,N/A,150,2,0,32,28,2,375
White Chocolate Mocha,Short,Nonfat,No Whip,180,3,5,30,29,7,75
White Chocolate Mocha,Short,Nonfat,Whip,230,8,25,32,30,7,75
White Chocolate Mocha,Short,2%,No Whip,200,6,15,30,29,7,75
White Chocolate Mocha,Short,2%,Whip,250,11,35,32,30,7,75
White Chocolate Mocha,Short,Whole,No Whip,210,8,15,30,29,7,75
White Chocolate Mocha,Short,Whole,Whip,270,13,35,32,30,7,75
White Chocolate Mocha,Short,Soy,No Whip,180,5,5,28,25,6,75
White Chocolate Mocha,Short,Soy,Whip,230,10,20,29,26,6,75
White Chocolate Mocha,Short,Coconut,No Whip,180,6,5,28,27,3,75
White Chocolate Mocha,Short,Coconut,Whip,230,11,20,30,28,3,75
White Chocolate Mocha,Tall,Nonfat,No Whip,270,4.5,10,46,45,11,75
White Chocolate Mocha,Tall,Nonfat,Whip,330,10,30,48,46,12,75
White Chocolate Mocha,Tall,2%,No Whip,300,9,25,46,44,11,75
White Chocolate Mocha,Tall,2%,Whip,370,15,45,47,46,11,75
White Chocolate Mocha,Tall,Whole,No Whip,330,12,30,46,44,11,75
White Chocolate Mocha,Tall,Whole,Whip,390,18,50,47,46,11,75
White Chocolate Mocha,Tall,Soy,No Whip,280,8,5,41,38,10,75
White Chocolate Mocha,Tall,Soy,Whip,340,14,25,43,40,10,75
White Chocolate Mocha,Tall,Coconut,No Whip,270,10,5,42,41,4,75
White Chocolate Mocha,Tall,Coconut,Whip,330,16,25,44,43,4,75
White Chocolate Mocha,Grande,Nonfat,No Whip,350,6,10,61,58,14,150
White Chocolate Mocha,Grande,Nonfat,Whip,420,13,35,63,60,15,150
White Chocolate Mocha,Grande,2%,No Whip,400,11,30,60,58,14,150
White Chocolate Mocha,Grande,2%,Whip,470,18,55,62,59,14,150
White Chocolate Mocha,Grande,Whole,No Whip,430,15,35,60,58,14,150
White Chocolate Mocha,Grande,Whole,Whip,500,22,60,62,59,14,150
White Chocolate Mocha,Grande,Soy,No Whip,360,10,5,55,51,12,150
White Chocolate Mocha,Grande,Soy,Whip,430,17,30,57,52,13,150
White Chocolate Mocha,Grande,Coconut,No Whip,350,12,5,56,54,5,150
White Chocolate Mocha,Grande,Coconut,Whip,420,19,30,58,56,6,150
White Chocolate Mocha,Venti®,Nonfat,No Whip,440,7,15,77,74,18,150
White Chocolate Mocha,Venti®,Nonfat,Whip,510,14,40,79,76,19,150
White Chocolate Mocha,Venti®,2%,No Whip,500,15,35,76,74,18,150
White Chocolate Mocha,Venti®,2%,Whip,580,22,65,78,75,19,150
White Chocolate Mocha,Venti®,Whole,No Whip,550,20,45,76,74,18,150
White Chocolate Mocha,Venti®,Whole,Whip,620,27,70,78,75,18,150
White Chocolate Mocha,Venti®,Soy,No Whip,460,13,5,69,64,16,150
White Chocolate Mocha,Venti®,Soy,Whip,530,20,30,71,65,16,150
White Chocolate Mocha,Venti®,Coconut,No Whip,450,16,5,71,68,6,150
White Chocolate Mocha,Venti®,Coconut,Whip,520,23,30,73,70,7,150
Iced White Chocolate Mocha,Tall,Nonfat,No Whip,230,4.5,5,41,40,8,75
Iced White Chocolate Mocha,Tall,Nonfat,Whip,310,12,35,43,41,8,75
Iced White Chocolate Mocha,Tall,2%,No Whip,250,7,15,41,39,8,75
Iced White Chocolate Mocha,Tall,2%,Whip,330,15,45,43,41,8,75
Iced White Chocolate Mocha,Tall,Whole,No Whip,270,9,15,41,39,7,75
Iced White Chocolate Mocha,Tall,Whole,Whip,350,17,45,43,41,8,75
Iced White Chocolate Mocha,Tall,Soy,No Whip,240,6,5,38,36,7,75
Iced White Chocolate Mocha,Tall,Soy,Whip,320,14,35,41,38,7,75
Iced White Chocolate Mocha,Tall,Coconut,No Whip,230,7,5,39,37,3,75
Iced White Chocolate Mocha,Tall,Coconut,Whip,310,15,35,41,39,4,75
Iced White Chocolate Mocha,Grande,Nonfat,No Whip,310,6,10,54,52,10,150
Iced White Chocolate Mocha,Grande,Nonfat,Whip,420,17,50,58,55,11,150
Iced White Chocolate Mocha,Grande,2%,No Whip,330,9,20,54,52,10,150
Iced White Chocolate Mocha,Grande,2%,Whip,450,20,60,57,54,11,150
Iced White Chocolate Mocha,Grande,Whole,No Whip,350,11,20,54,52,10,150
Iced White Chocolate Mocha,Grande,Whole,Whip,470,22,65,57,54,10,150
Iced White Chocolate Mocha,Grande,Soy,No Whip,320,8,5,51,48,9,150
Iced White Chocolate Mocha,Grande,Soy,Whip,430,19,45,55,50,10,150
Iced White Chocolate Mocha,Grande,Coconut,No Whip,310,9,5,52,49,5,150
Iced White Chocolate Mocha,Grande,Coconut,Whip,420,20,45,55,52,5,150
Iced White Chocolate Mocha,Venti®,Nonfat,No Whip,450,9,10,81,77,14,225
Iced White Chocolate Mocha,Venti®,Nonfat,Whip,570,20,55,84,80,15,225
Iced White Chocolate Mocha,Venti®,2%,No Whip,490,13,25,80,77,14,225
Iced White Chocolate Mocha,Venti®,2%,Whip,600,24,65,84,79,15,225
Iced White Chocolate Mocha,Venti®,Whole,No Whip,520,16,30,80,77,14,225
Iced White Chocolate Mocha,Venti®,Whole,Whip,630,27,70,84,79,15,225
Iced White Chocolate Mocha,Venti®,Soy,No Whip,470,12,10,77,71,13,225
Iced White Chocolate Mocha,Venti®,Soy,Whip,580,23,50,80,74,14,225
Iced White Chocolate Mocha,Venti®,Coconut,No Whip,450,13,10,77,73,7,225
Iced White Chocolate Mocha,Venti®,Coconut,Whip,570,25,50,80,76,8,225
Iced Black Tea,Tall,N/A,N/A,60,0,0,15,15,0,20-25
Iced Black Tea,Grande,N/A,N/A,80,0,0,20,20,0,25-30
Iced Black Tea,Venti®,N/A,N/A,120,0,0,30,30,0,40-45
Iced Black Tea,Trenta,N/A,N/A,140,0,0,35,34,0,50-55
Iced Black Tea Lemonade,Tall,N/A,N/A,90,0,0,24,24,0.1,20-25
Iced Black Tea Lemonade,Grande,N/A,N/A,120,0,0,32,32,0.1,25-30
Iced Black Tea Lemonade,Venti®,N/A,N/A,190,0,0,48,47,0.1,40-45
Iced Black Tea Lemonade,Trenta,N/A,N/A,220,0,0,58,57,0.1,50-55
Chai Tea Latte,Short,Nonfat,N/A,100,0.1,0,22,21,4,50
Chai Tea Latte,Short,2%,N/A,120,2,10,22,21,4,50
Chai Tea Latte,Short,Whole,N/A,130,3.5,10,22,21,4,50
Chai Tea Latte,Short,Soy,N/A,110,1.5,0,20,18,3,50
Chai Tea Latte,Short,Coconut,N/A,100,2.5,0,21,19,1,50
Chai Tea Latte,Tall,Nonfat,N/A,160,0.2,5,34,32,6,70
Chai Tea Latte,Tall,2%,N/A,190,3.5,15,34,32,6,70
Chai Tea Latte,Tall,Whole,N/A,200,6,15,34,32,6,70
Chai Tea Latte,Tall,Soy,N/A,160,2.5,0,31,28,5,70
Chai Tea Latte,Tall,Coconut,N/A,160,3.5,0,31,29,1,70
Chai Tea Latte,Grande,Nonfat,N/A,210,0.2,5,45,43,8,95
Chai Tea Latte,Grande,2%,N/A,240,4.5,20,45,42,8,95
Chai Tea Latte,Grande,Whole,N/A,270,7,20,45,42,7,95
Chai Tea Latte,Grande,Soy,N/A,220,3.5,0,41,37,6,95
Chai Tea Latte,Grande,Coconut,N/A,210,4.5,0,41,39,1,95
Chai Tea Latte,Venti®,Nonfat,N/A,260,0.3,5,57,54,10,120
Chai Tea Latte,Venti®,2%,N/A,310,6,25,56,53,10,120
Chai Tea Latte,Venti®,Whole,N/A,340,9,30,56,53,10,120
Chai Tea Latte,Venti®,Soy,N/A,280,4.5,0,51,46,8,120
Chai Tea Latte,Venti®,Coconut,N/A,260,6,0,52,48,1,120
Iced Chai Tea Latte,Tall,Nonfat,N/A,150,0.2,5,33,31,6,70
Iced Chai Tea Latte,Tall,2%,N/A,180,3,10,33,31,5,70
Iced Chai Tea Latte,Tall,Whole,N/A,190,5,15,33,31,5,70
Iced Chai Tea Latte,Tall,Soy,N/A,160,2.5,0,30,27,5,70
Iced Chai Tea Latte,Tall,Coconut,N/A,150,3.5,0,31,29,1,70
Iced Chai Tea Latte,Grande,Nonfat,N/A,200,0.2,5,44,42,8,95
Iced Chai Tea Latte,Grande,2%,N/A,240,4,15,44,42,7,95
Iced Chai Tea Latte,Grande,Whole,N/A,260,7,20,44,42,7,95
Iced Chai Tea Latte,Grande,Soy,N/A,220,3.5,0,41,37,6,95
Iced Chai Tea Latte,Grande,Coconut,N/A,200,4.5,0,41,38,1,95
Iced Chai Tea Latte,Venti®,Nonfat,N/A,300,0.3,5,65,62,11,145
Iced Chai Tea Latte,Venti®,2%,N/A,350,6,25,65,61,10,145
Iced Chai Tea Latte,Venti®,Whole,N/A,380,9,30,65,61,10,145
Iced Chai Tea Latte,Venti®,Soy,N/A,320,4.5,0,60,55,9,145
Iced Chai Tea Latte,Venti®,Coconut,N/A,300,6,0,61,57,1,145
Earl Grey Brewed Tea,Short,N/A,N/A,0,0,0,0,0,0,40+
Earl Grey Brewed Tea,Tall,N/A,N/A,0,0,0,0,0,0,40+
Earl Grey Brewed Tea,Grande,N/A,N/A,0,0,0,0,0,0,40+
Earl Grey Brewed Tea,Venti®,N/A,N/A,0,0,0,0,0,0,40+
Emperor's Clouds and Mist Brewed Tea,Short,N/A,N/A,0,0,0,0,0,0,1--15
Emperor's Clouds and Mist Brewed Tea,Tall,N/A,N/A,0,0,0,0,0,0,1--15
Emperor's Clouds and Mist Brewed Tea,Grande,N/A,N/A,0,0,0,0,0,0,16-25
Emperor's Clouds and Mist Brewed Tea,Venti®,N/A,N/A,0,0,0,0,0,0,16-25
English Breakfast Black Brewed Tea,Short,N/A,N/A,0,0,0,0,0,0,40+
English Breakfast Black Brewed Tea,Tall,N/A,N/A,0,0,0,0,0,0,40+
English Breakfast Black Brewed Tea,Grande,N/A,N/A,0,0,0,0,0,0,40+
English Breakfast Black Brewed Tea,Venti®,N/A,N/A,0,0,0,0,0,0,40+
English Breakfast Black Tea Latte,Short,Nonfat,N/A,80,0.1,0,15,15,4,40+
English Breakfast Black Tea Latte,Short,2%,N/A,100,2,10,15,15,4,40+
English Breakfast Black Tea Latte,Short,Whole,N/A,110,3.5,10,15,15,4,40+
English Breakfast Black Tea Latte,Short,Soy,N/A,80,1.5,0,13,12,3,40+
English Breakfast Black Tea Latte,Short,Coconut,N/A,80,2.5,0,14,13,0.2,40+
English Breakfast Black Tea Latte,Tall,Nonfat,N/A,110,0.1,5,23,23,5,40+
English Breakfast Black Tea Latte,Tall,2%,N/A,140,3,15,23,23,5,40+
English Breakfast Black Tea Latte,Tall,Whole,N/A,160,5,15,23,23,5,40+
English Breakfast Black Tea Latte,Tall,Soy,N/A,120,2.5,0,20,18,4,40+
English Breakfast Black Tea Latte,Tall,Coconut,N/A,120,3.5,0,20,20,0.4,40+
English Breakfast Black Tea Latte,Grande,Nonfat,N/A,150,0.2,5,30,30,7,40+
English Breakfast Black Tea Latte,Grande,2%,N/A,180,4,15,30,30,7,40+
English Breakfast Black Tea Latte,Grande,Whole,N/A,210,7,20,30,30,7,40+
English Breakfast Black Tea Latte,Grande,Soy,N/A,160,3,0,26,24,6,40+
English Breakfast Black Tea Latte,Grande,Coconut,N/A,150,4.5,0,27,26,0.5,40+
English Breakfast Black Tea Latte,Venti®,Nonfat,N/A,190,0.2,5,38,38,9,40+
English Breakfast Black Tea Latte,Venti®,2%,N/A,230,5,20,38,38,9,40+
English Breakfast Black Tea Latte,Venti®,Whole,N/A,260,9,25,38,38,8,40+
English Breakfast Black Tea Latte,Venti®,Soy,N/A,200,4,0,33,31,7,40+
English Breakfast Black Tea Latte,Venti®,Coconut,N/A,190,6,0,34,33,1,40+
Green Tea Latte,Short,Nonfat,N/A,80,0.2,5,14,14,6,30
Green Tea Latte,Short,2%,N/A,110,3.5,15,14,14,6,30
Green Tea Latte,Short,Whole,N/A,130,6,15,14,14,6,30
Green Tea Latte,Short,Soy,N/A,90,3,0,11,9,5,30
Green Tea Latte,Short,Coconut,N/A,80,3.5,0,11,11,1,30
Green Tea Latte,Tall,Nonfat,N/A,140,0.3,5,25,24,10,55
Green Tea Latte,Tall,2%,N/A,190,5,20,25,24,10,55
Green Tea Latte,Tall,Whole,N/A,220,9,25,25,24,9,55
Green Tea Latte,Tall,Soy,N/A,160,4.5,0,20,17,8,55
Green Tea Latte,Tall,Coconut,N/A,140,6,0,21,19,1,55
Green Tea Latte,Grande,Nonfat,N/A,190,0.4,5,34,33,12,80
Green Tea Latte,Grande,2%,N/A,240,7,25,34,32,12,80
Green Tea Latte,Grande,Whole,N/A,280,11,35,34,32,12,80
Green Tea Latte,Grande,Soy,N/A,210,6,0,28,24,10,80
Green Tea Latte,Grande,Coconut,N/A,190,8,0,29,27,2,80
Green Tea Latte,Venti®,Nonfat,N/A,250,0.5,10,45,44,16,110
Green Tea Latte,Venti®,2%,N/A,320,9,35,45,43,16,110
Green Tea Latte,Venti®,Whole,N/A,370,15,45,45,43,15,110
Green Tea Latte,Venti®,Soy,N/A,280,7,0,38,32,14,110
Green Tea Latte,Venti®,Coconut,N/A,250,10,0,38,36,2,110
Iced Green Tea Latte,Tall,Nonfat,N/A,120,0.3,5,22,21,8,55
Iced Green Tea Latte,Tall,2%,N/A,160,4.5,15,22,21,8,55
Iced Green Tea Latte,Tall,Whole,N/A,180,7,20,22,21,7,55
Iced Green Tea Latte,Tall,Soy,N/A,140,3.5,0,18,16,7,55
Iced Green Tea Latte,Tall,Coconut,N/A,120,4.5,0,19,18,1,55
Iced Green Tea Latte,Grande,Nonfat,N/A,170,0.4,5,32,31,11,80
Iced Green Tea Latte,Grande,2%,N/A,220,6,25,31,30,11,80
Iced Green Tea Latte,Grande,Whole,N/A,250,10,30,31,30,10,80
Iced Green Tea Latte,Grande,Soy,N/A,190,5,0,27,23,9,80
Iced Green Tea Latte,Grande,Coconut,N/A,170,7,0,27,25,2,80
Iced Green Tea Latte,Venti®,Nonfat,N/A,240,0.5,10,44,42,15,110
Iced Green Tea Latte,Venti®,2%,N/A,310,8,35,43,41,15,110
Iced Green Tea Latte,Venti®,Whole,N/A,350,14,40,43,41,14,110
Iced Green Tea Latte,Venti®,Soy,N/A,270,7,0,37,32,13,110
Iced Green Tea Latte,Venti®,Coconut,N/A,240,9,0,37,35,2,110
Iced Green Tea,Tall,N/A,N/A,60,0,0,15,15,0,20-25
Iced Green Tea,Grande,N/A,N/A,80,0,0,20,20,0,25-30
Iced Green Tea,Venti®,N/A,N/A,120,0,0,30,30,0,40-45
Iced Green Tea,Trenta,N/A,N/A,140,0,0,35,34,0,50-55
Iced Green Tea Lemonade,Tall,N/A,N/A,90,0,0,24,24,0.1,20-25
Iced Green Tea Lemonade,Grande,N/A,N/A,120,0,0,32,32,0.1,25-30
Iced Green Tea Lemonade,Venti®,N/A,N/A,190,0,0,48,47,0.1,40-45
Iced Green Tea Lemonade,Trenta,N/A,N/A,220,0,0,58,57,0.1,50-55
Jade Citrus Mint Brewed Tea,Short,N/A,N/A,0,0,0,0,0,0,16-25
Jade Citrus Mint Brewed Tea,Tall,N/A,N/A,0,0,0,0,0,0,16-25
Jade Citrus Mint Brewed Tea,Grande,N/A,N/A,0,0,0,0,0,0,40+
Jade Citrus Mint Brewed Tea,Venti®,N/A,N/A,0,0,0,0,0,0,40+
London Fog Tea Latte,Short,Nonfat,N/A,80,0.1,0,15,15,4,40+
London Fog Tea Latte,Short,2%,N/A,100,2,10,15,15,4,40+
London Fog Tea Latte,Short,Whole,N/A,110,3.5,10,15,15,4,40+
London Fog Tea Latte,Short,Soy,N/A,80,1.5,0,13,12,3,40+
London Fog Tea Latte,Short,Coconut,N/A,80,2.5,0,14,13,0.2,40+
London Fog Tea Latte,Tall,Nonfat,N/A,110,0.1,5,23,23,5,40+
London Fog Tea Latte,Tall,2%,N/A,140,3,15,23,23,5,40+
London Fog Tea Latte,Tall,Whole,N/A,160,5,15,23,23,5,40+
London Fog Tea Latte,Tall,Soy,N/A,120,2.5,0,20,18,4,40+
London Fog Tea Latte,Tall,Coconut,N/A,120,3.5,0,20,20,0.4,40+
London Fog Tea Latte,Grande,Nonfat,N/A,150,0.2,5,30,30,7,40+
London Fog Tea Latte,Grande,2%,N/A,180,4,15,30,30,7,40+
London Fog Tea Latte,Grande,Whole,N/A,210,7,20,30,30,7,40+
London Fog Tea Latte,Grande,Soy,N/A,160,3,0,26,24,6,40+
London Fog Tea Latte,Grande,Coconut,N/A,150,4.5,0,27,26,0.5,40+
London Fog Tea Latte,Venti®,Nonfat,N/A,190,0.2,5,38,38,9,40+
London Fog Tea Latte,Venti®,2%,N/A,230,5,20,38,38,9,40+
London Fog Tea Latte,Venti®,Whole,N/A,260,9,25,38,38,8,40+
London Fog Tea Latte,Venti®,Soy,N/A,200,4,0,33,31,7,40+
London Fog Tea Latte,Venti®,Coconut,N/A,190,6,0,34,33,1,40+
Iced Mango Black Tea,Tall,N/A,N/A,60,0.1,0,14,14,0,20-25
Iced Mango Black Tea,Grande,N/A,N/A,80,0.2,0,19,19,0,25-30
Iced Mango Black Tea,Venti®,N/A,N/A,120,0.3,0,29,28,0,40-45
Iced Mango Black Tea,Trenta,N/A,N/A,140,0.3,0,34,33,0,50-55
Iced Mango Black Tea Lemonade,Tall,N/A,N/A,90,0.1,0,24,23,0.1,20-25
Iced Mango Black Tea Lemonade,Grande,N/A,N/A,120,0.2,0,31,31,0.1,25-30
Iced Mango Black Tea Lemonade,Venti®,N/A,N/A,190,0.3,0,47,46,0.1,40-45
Iced Mango Black Tea Lemonade,Trenta,N/A,N/A,230,0.3,0,58,57,0.1,50-55
Mint Majesty Brewed Tea,Short,N/A,N/A,0,0,0,0,0,0,0
Mint Majesty Brewed Tea,Tall,N/A,N/A,0,0,0,0,0,0,0
Mint Majesty Brewed Tea,Grande,N/A,N/A,0,0,0,0,0,0,0
Mint Majesty Brewed Tea,Venti®,N/A,N/A,0,0,0,0,0,0,0
Oprah Chai Herbal Brewed Tea,Short,N/A,N/A,0,0,0,0,0,0,0
Oprah Chai Herbal Brewed Tea,Tall,N/A,N/A,0,0,0,0,0,0,0
Oprah Chai Herbal Brewed Tea,Grande,N/A,N/A,0,0,0,0,0,0,0
Oprah Chai Herbal Brewed Tea,Venti®,N/A,N/A,0,0,0,0,0,0,0
Oprah Cinnamon Chai Brewed Tea,Short,N/A,N/A,0,0,0,0,0,0,1-15
Oprah Cinnamon Chai Brewed Tea,Tall,N/A,N/A,0,0,0,0,0,0,1-15
Oprah Cinnamon Chai Brewed Tea,Grande,N/A,N/A,0,0,0,0,0,0,16-25
Oprah Cinnamon Chai Brewed Tea,Venti®,N/A,N/A,0,0,0,0,0,0,16-25
Oprah Cinnamon Chai Latte,Short,Nonfat,N/A,80,0.1,0,17,16,4,25
Oprah Cinnamon Chai Latte,Short,2%,N/A,100,2,10,16,15,3,25
Oprah Cinnamon Chai Latte,Short,Whole,N/A,110,3.5,10,16,15,3,25
Oprah Cinnamon Chai Latte,Short,Soy,N/A,90,1.5,0,15,13,3,25
Oprah Cinnamon Chai Latte,Short,Coconut,N/A,80,2.5,0,15,14,0.2,25
Oprah Cinnamon Chai Latte,Tall,Nonfat,N/A,130,0.1,5,25,23,5,40
Oprah Cinnamon Chai Latte,Tall,2%,N/A,150,3,15,25,23,5,40
Oprah Cinnamon Chai Latte,Tall,Whole,N/A,170,5,15,25,23,5,40
Oprah Cinnamon Chai Latte,Tall,Soy,N/A,130,2.5,0,22,19,4,40
Oprah Cinnamon Chai Latte,Tall,Coconut,N/A,130,3.5,0,22,21,0.4,40
Oprah Cinnamon Chai Latte,Grande,Nonfat,N/A,170,0.2,5,33,31,7,50
Oprah Cinnamon Chai Latte,Grande,2%,N/A,200,4,15,33,31,7,50
Oprah Cinnamon Chai Latte,Grande,Whole,N/A,220,7,20,33,31,7,50
Oprah Cinnamon Chai Latte,Grande,Soy,N/A,170,3,0,29,25,6,50
Oprah Cinnamon Chai Latte,Grande,Coconut,N/A,170,4.5,0,30,28,0.5,50
Oprah Cinnamon Chai Latte,Venti®,Nonfat,N/A,210,0.2,5,41,39,9,65
Oprah Cinnamon Chai Latte,Venti®,2%,N/A,250,5,20,41,38,9,65
Oprah Cinnamon Chai Latte,Venti®,Whole,N/A,280,9,25,41,38,8,65
Oprah Cinnamon Chai Latte,Venti®,Soy,N/A,220,4,0,36,32,7,65
Oprah Cinnamon Chai Latte,Venti®,Coconut,N/A,210,6,0,37,34,1,65
Iced Oprah Cinnamon Chai Latte,Tall,Nonfat,N/A,120,0.1,5,24,23,5,40
Iced Oprah Cinnamon Chai Latte,Tall,2%,N/A,150,3,10,24,23,5,40
Iced Oprah Cinnamon Chai Latte,Tall,Whole,N/A,160,5,15,24,23,5,40
Iced Oprah Cinnamon Chai Latte,Tall,Soy,N/A,130,2.5,0,22,19,4,40
Iced Oprah Cinnamon Chai Latte,Tall,Coconut,N/A,120,3.5,0,22,20,0.3,40
Iced Oprah Cinnamon Chai Latte,Grande,Nonfat,N/A,170,0.2,5,33,31,7,50
Iced Oprah Cinnamon Chai Latte,Grande,2%,N/A,200,4,15,33,31,7,50
Iced Oprah Cinnamon Chai Latte,Grande,Whole,N/A,220,7,20,33,31,7,50
Iced Oprah Cinnamon Chai Latte,Grande,Soy,N/A,180,3.5,0,29,26,6,50
Iced Oprah Cinnamon Chai Latte,Grande,Coconut,N/A,170,4.5,0,30,27,0.5,50
Iced Oprah Cinnamon Chai Latte,Venti®,Nonfat,N/A,240,0.2,5,48,45,10,75
Iced Oprah Cinnamon Chai Latte,Venti®,2%,N/A,290,6,25,48,45,10,75
Iced Oprah Cinnamon Chai Latte,Venti®,Whole,N/A,320,9,30,48,45,9,75
Iced Oprah Cinnamon Chai Latte,Venti®,Soy,N/A,260,4.5,0,43,38,8,75
Iced Oprah Cinnamon Chai Latte,Venti®,Coconut,N/A,240,6,0,44,40,1,75
Passion Tango Brewed Tea,Short,N/A,N/A,0,0,0,0,0,0,0
Passion Tango Brewed Tea,Tall,N/A,N/A,0,0,0,0,0,0,0
Passion Tango Brewed Tea,Grande,N/A,N/A,0,0,0,0,0,0,0
Passion Tango Brewed Tea,Venti®,N/A,N/A,0,0,0,0,0,0,0
Iced Passion Tango tea,Tall,N/A,N/A,60,0,0,15,15,0,0
Iced Passion Tango tea,Grande,N/A,N/A,80,0,0,20,20,0,0
Iced Passion Tango tea,Venti®,N/A,N/A,120,0,0,30,30,0,0
Iced Passion Tango tea,Trenta,N/A,N/A,140,0,0,35,34,0,0
Iced Passion Tango Tea Lemonade,Tall,N/A,N/A,90,0,0,24,24,0.1,0
Iced Passion Tango Tea Lemonade,Grande,N/A,N/A,120,0,0,32,32,0.1,0
Iced Passion Tango Tea Lemonade,Venti®,N/A,N/A,190,0,0,48,47,0.1,0
Iced Passion Tango Tea Lemonade,Trenta,N/A,N/A,220,0,0,58,57,0.1,0
Peach Iced Green Tea,Tall,N/A,N/A,60,0.1,0,15,15,0,20-25
Peach Iced Green Tea,Grande,N/A,N/A,80,0.2,0,20,20,0,25-30
Peach Iced Green Tea,Venti®,N/A,N/A,130,0.3,0,31,30,0,40-45
Peach Iced Green Tea,Trenta,N/A,N/A,150,0.3,0,36,35,0,50-55
Peach Iced Green Tea Lemonade,Tall,N/A,N/A,100,0.1,0,25,24,0.1,20-25
Peach Iced Green Tea Lemonade,Grande,N/A,N/A,130,0.2,0,33,32,0.1,25-30
Peach Iced Green Tea Lemonade,Venti®,N/A,N/A,190,0.3,0,49,48,0.1,40-45
Peach Iced Green Tea Lemonade,Trenta,N/A,N/A,240,0.3,0,60,59,0.1,50-55
Peach Tranquility Brewed Tea,Short,N/A,N/A,0,0,0,0,0,0,0
Peach Tranquility Brewed Tea,Tall,N/A,N/A,0,0,0,0,0,0,0
Peach Tranquility Brewed Tea,Grande,N/A,N/A,0,0,0,0,0,0,0
Peach Tranquility Brewed Tea,Venti®,N/A,N/A,0,0,0,0,0,0,0
Youthberry Brewed Tea,Short,N/A,N/A,0,0,0,0,0,0,1-15
Youthberry Brewed Tea,Tall,N/A,N/A,0,0,0,0,0,0,1-15
Youthberry Brewed Tea,Grande,N/A,N/A,0,0,0,0,0,0,16-25
Youthberry Brewed Tea,Venti®,N/A,N/A,0,0,0,0,0,0,16-25
Cool Lime Starbucks Refreshers™ Beverage,Tall,N/A,N/A,60,0,0,14,14,0.1,35-45
Cool Lime Starbucks Refreshers™ Beverage,Grande,N/A,N/A,70,0,0,19,18,0.1,45-55
Cool Lime Starbucks Refreshers™ Beverage,Venti®,N/A,N/A,110,0,0,28,27,0.2,70-85
Cool Lime Starbucks Refreshers™ Beverage,Trenta,N/A,N/A,150,0,0,37,36,0.3,90-110
Very Berry Hibiscus Starbucks Refreshers™ Beverage,Tall,N/A,N/A,70,0.1,0,18,15,0.1,35-45
Very Berry Hibiscus Starbucks Refreshers™ Beverage,Grande,N/A,N/A,90,0.1,0,22,20,0.1,45-55
Very Berry Hibiscus Starbucks Refreshers™ Beverage,Venti®,N/A,N/A,130,0.1,0,32,29,0.2,70-85
Very Berry Hibiscus Starbucks Refreshers™ Beverage,Trenta,N/A,N/A,180,0.2,0,44,40,0.3,90-110
Chocolate Smoothie,Grande,Nonfat,N/A,300,2.5,5,53,34,20,20
Chocolate Smoothie,Grande,2%,N/A,320,5,15,53,34,20,20
Chocolate Smoothie,Grande,Whole,N/A,340,7,15,53,34,20,20
Chocolate Smoothie,Grande,Soy,N/A,310,4.5,5,51,31,19,20
Chocolate Smoothie,Grande,Coconut,N/A,290,5,5,51,32,15,20
Orange Mango Smoothie,Grande,Nonfat,N/A,260,1,5,54,37,16,0
Orange Mango Smoothie,Grande,2%,N/A,270,1.5,5,53,37,16,0
Orange Mango Smoothie,Grande,Whole,N/A,280,2.5,5,53,37,16,0
Orange Mango Smoothie,Grande,Soy,N/A,270,1.5,5,53,36,15,0
Orange Mango Smoothie,Grande,Coconut,N/A,260,1.5,5,53,36,14,0
Strawberry Smoothie,Grande,Nonfat,N/A,290,1,5,60,41,16,0
Strawberry Smoothie,Grande,2%,N/A,300,2,5,60,41,16,0
Strawberry Smoothie,Grande,Whole,N/A,300,2.5,10,60,41,15,0
Strawberry Smoothie,Grande,Soy,N/A,290,1.5,5,59,40,15,0
Strawberry Smoothie,Grande,Coconut,N/A,290,2,5,59,41,14,0
Caffè Vanilla Frappuccino® Blended Beverage,Tall,Nonfat,No Whip,200,0.1,0,47,46,3,65
Caffè Vanilla Frappuccino® Blended Beverage,Tall,Nonfat,Whip,280,8,30,50,48,3,65
Caffè Vanilla Frappuccino® Blended Beverage,Tall,2%,No Whip,210,1.5,5,47,46,3,65
Caffè Vanilla Frappuccino® Blended Beverage,Tall,2%,Whip,290,10,35,50,48,3,65
Caffè Vanilla Frappuccino® Blended Beverage,Tall,Whole,No Whip,220,2.5,10,47,46,3,65
Caffè Vanilla Frappuccino® Blended Beverage,Tall,Whole,Whip,300,11,35,50,48,3,65
Caffè Vanilla Frappuccino® Blended Beverage,Tall,Soy,No Whip,200,1.5,0,46,44,2,65
Caffè Vanilla Frappuccino® Blended Beverage,Tall,Soy,Whip,290,9,30,48,46,3,65
Caffè Vanilla Frappuccino® Blended Beverage,Tall,Coconut,No Whip,200,1.5,0,47,45,0.4,65
Caffè Vanilla Frappuccino® Blended Beverage,Tall,Coconut,Whip,280,10,30,49,47,1,65
Caffè Vanilla Frappuccino® Blended Beverage,Grande,Nonfat,No Whip,290,0.1,0,69,67,4,95
Caffè Vanilla Frappuccino® Blended Beverage,Grande,Nonfat,Whip,400,11,45,72,69,4,95
Caffè Vanilla Frappuccino® Blended Beverage,Grande,2%,No Whip,300,2,10,68,67,4,95
Caffè Vanilla Frappuccino® Blended Beverage,Grande,2%,Whip,420,13,50,72,69,4,95
Caffè Vanilla Frappuccino® Blended Beverage,Grande,Whole,No Whip,310,3,10,68,67,3,95
Caffè Vanilla Frappuccino® Blended Beverage,Grande,Whole,Whip,430,14,50,72,69,4,95
Caffè Vanilla Frappuccino® Blended Beverage,Grande,Soy,No Whip,290,1.5,0,67,64,3,95
Caffè Vanilla Frappuccino® Blended Beverage,Grande,Soy,Whip,410,13,40,70,67,4,95
Caffè Vanilla Frappuccino® Blended Beverage,Grande,Coconut,No Whip,290,2,0,68,66,0.5,95
Caffè Vanilla Frappuccino® Blended Beverage,Grande,Coconut,Whip,400,13,40,71,69,1,95
Caffè Vanilla Frappuccino® Blended Beverage,Venti®,Nonfat,No Whip,370,0.2,5,88,86,5,125
Caffè Vanilla Frappuccino® Blended Beverage,Venti®,Nonfat,Whip,490,11,45,92,88,6,125
Caffè Vanilla Frappuccino® Blended Beverage,Venti®,2%,No Whip,400,3,10,88,86,5,125
Caffè Vanilla Frappuccino® Blended Beverage,Venti®,2%,Whip,510,14,55,91,88,6,125
Caffè Vanilla Frappuccino® Blended Beverage,Venti®,Whole,No Whip,410,5,15,88,86,5,125
Caffè Vanilla Frappuccino® Blended Beverage,Venti®,Whole,Whip,530,16,55,91,88,6,125
Caffè Vanilla Frappuccino® Blended Beverage,Venti®,Soy,No Whip,380,2.5,0,86,82,4,125
Caffè Vanilla Frappuccino® Blended Beverage,Venti®,Soy,Whip,500,14,40,89,85,5,125
Caffè Vanilla Frappuccino® Blended Beverage,Venti®,Coconut,No Whip,380,3,0,87,84,1,125
Caffè Vanilla Frappuccino® Blended Beverage,Venti®,Coconut,Whip,490,14,40,90,87,1,125
Caramel Frappuccino® Blended Beverage,Tall,Nonfat,No Whip,180,0.1,0,42,42,3,70
Caramel Frappuccino® Blended Beverage,Tall,Nonfat,Whip,280,9,35,47,47,3,70
Caramel Frappuccino® Blended Beverage,Tall,2%,No Whip,190,1.5,5,42,42,3,70
Caramel Frappuccino® Blended Beverage,Tall,2%,Whip,290,10,40,47,46,3,70
Caramel Frappuccino® Blended Beverage,Tall,Whole,No Whip,200,2.5,10,42,42,3,70
Caramel Frappuccino® Blended Beverage,Tall,Whole,Whip,300,11,40,47,46,3,70
Caramel Frappuccino® Blended Beverage,Tall,Soy,No Whip,190,1.5,0,41,40,2,70
Caramel Frappuccino® Blended Beverage,Tall,Soy,Whip,280,10,30,46,45,3,70
Caramel Frappuccino® Blended Beverage,Tall,Coconut,No Whip,180,2,0,41,40,0.4,70
Caramel Frappuccino® Blended Beverage,Tall,Coconut,Whip,280,10,30,46,45,1,70
Caramel Frappuccino® Blended Beverage,Grande,Nonfat,No Whip,260,0.1,0,60,60,4,100
Caramel Frappuccino® Blended Beverage,Grande,Nonfat,Whip,390,12,45,67,66,4,100
Caramel Frappuccino® Blended Beverage,Grande,2%,No Whip,270,2,10,60,60,4,100
Caramel Frappuccino® Blended Beverage,Grande,2%,Whip,410,14,50,67,66,4,100
Caramel Frappuccino® Blended Beverage,Grande,Whole,No Whip,280,3.5,10,60,60,3,100
Caramel Frappuccino® Blended Beverage,Grande,Whole,Whip,420,15,55,67,66,4,100
Caramel Frappuccino® Blended Beverage,Grande,Soy,No Whip,260,1.5,0,59,57,3,100
Caramel Frappuccino® Blended Beverage,Grande,Soy,Whip,400,14,45,65,63,4,100
Caramel Frappuccino® Blended Beverage,Grande,Coconut,No Whip,260,2,0,59,58,0.5,100
Caramel Frappuccino® Blended Beverage,Grande,Coconut,Whip,390,14,45,65,64,1,100
Caramel Frappuccino® Blended Beverage,Venti®,Nonfat,No Whip,340,0.1,5,79,78,5,130
Caramel Frappuccino® Blended Beverage,Venti®,Nonfat,Whip,470,12,45,85,84,6,130
Caramel Frappuccino® Blended Beverage,Venti®,2%,No Whip,360,3,10,78,78,5,130
Caramel Frappuccino® Blended Beverage,Venti®,2%,Whip,500,15,55,85,84,6,130
Caramel Frappuccino® Blended Beverage,Venti®,Whole,No Whip,380,5,15,78,78,5,130
Caramel Frappuccino® Blended Beverage,Venti®,Whole,Whip,510,17,60,85,84,6,130
Caramel Frappuccino® Blended Beverage,Venti®,Soy,No Whip,350,2.5,0,76,74,5,130
Caramel Frappuccino® Blended Beverage,Venti®,Soy,Whip,480,14,45,83,80,5,130
Caramel Frappuccino® Blended Beverage,Venti®,Coconut,No Whip,340,3.5,0,76,75,1,130
Caramel Frappuccino® Blended Beverage,Venti®,Coconut,Whip,470,15,45,83,81,1,130
Coffee Frappuccino® Blended Beverage,Tall,Nonfat,N/A,160,0.1,0,36,36,3,70
Coffee Frappuccino® Blended Beverage,Tall,2%,N/A,170,1.5,5,36,36,3,70
Coffee Frappuccino® Blended Beverage,Tall,Whole,N/A,180,2.5,10,36,36,3,70
Coffee Frappuccino® Blended Beverage,Tall,Soy,N/A,160,1.5,0,35,34,2,70
Coffee Frappuccino® Blended Beverage,Tall,Coconut,N/A,160,2,0,36,35,0.4,70
Coffee Frappuccino® Blended Beverage,Grande,Nonfat,N/A,220,0.1,0,51,50,4,95
Coffee Frappuccino® Blended Beverage,Grande,2%,N/A,230,2,10,50,50,3,95
Coffee Frappuccino® Blended Beverage,Grande,Whole,N/A,240,3,10,50,50,3,95
Coffee Frappuccino® Blended Beverage,Grande,Soy,N/A,220,1.5,0,49,47,3,95
Coffee Frappuccino® Blended Beverage,Grande,Coconut,N/A,220,2,0,50,49,0.5,95
Coffee Frappuccino® Blended Beverage,Venti®,Nonfat,N/A,310,0.1,5,70,69,6,130
Coffee Frappuccino® Blended Beverage,Venti®,2%,N/A,330,3,10,70,69,5,130
Coffee Frappuccino® Blended Beverage,Venti®,Whole,N/A,350,5,15,70,69,5,130
Coffee Frappuccino® Blended Beverage,Venti®,Soy,N/A,310,2.5,0,68,66,5,130
Coffee Frappuccino® Blended Beverage,Venti®,Coconut,N/A,310,3.5,0,69,68,1,135
Espresso Frappuccino® Blended Beverage,Tall,Nonfat,N/A,150,0,0,34,33,2,130
Espresso Frappuccino® Blended Beverage,Tall,2%,N/A,150,1,5,34,33,2,130
Espresso Frappuccino® Blended Beverage,Tall,Whole,N/A,160,1.5,5,34,33,2,130
Espresso Frappuccino® Blended Beverage,Tall,Soy,N/A,150,1,0,33,31,2,130
Espresso Frappuccino® Blended Beverage,Tall,Coconut,N/A,150,1,0,34,32,1,130
Espresso Frappuccino® Blended Beverage,Grande,Nonfat,N/A,210,0.1,0,50,49,3,165
Espresso Frappuccino® Blended Beverage,Grande,2%,N/A,220,1.5,5,50,48,3,165
Espresso Frappuccino® Blended Beverage,Grande,Whole,N/A,230,2.5,5,50,48,3,165
Espresso Frappuccino® Blended Beverage,Grande,Soy,N/A,220,1,0,49,47,3,165
Espresso Frappuccino® Blended Beverage,Grande,Coconut,N/A,220,1.5,0,50,48,1,165
Espresso Frappuccino® Blended Beverage,Venti®,Nonfat,N/A,280,0.1,0,65,63,5,185
Espresso Frappuccino® Blended Beverage,Venti®,2%,N/A,300,2.5,10,65,63,5,185
Espresso Frappuccino® Blended Beverage,Venti®,Whole,N/A,310,4,10,65,63,4,185
Espresso Frappuccino® Blended Beverage,Venti®,Soy,N/A,290,2,0,63,60,4,185
Espresso Frappuccino® Blended Beverage,Venti®,Coconut,N/A,280,2.5,0,64,62,1,185
Java Chip Frappuccino® Blended Beverage,Tall,Nonfat,No Whip,230,3,0,47,44,4,75
Java Chip Frappuccino® Blended Beverage,Tall,Nonfat,Whip,320,11,30,51,47,4,75
Java Chip Frappuccino® Blended Beverage,Tall,2%,No Whip,240,4.5,5,47,44,4,75
Java Chip Frappuccino® Blended Beverage,Tall,2%,Whip,330,12,35,51,47,4,75
Java Chip Frappuccino® Blended Beverage,Tall,Whole,No Whip,250,5,10,47,44,4,75
Java Chip Frappuccino® Blended Beverage,Tall,Whole,Whip,340,13,35,51,47,4,75
Java Chip Frappuccino® Blended Beverage,Tall,Soy,No Whip,230,4,0,46,42,3,75
Java Chip Frappuccino® Blended Beverage,Tall,Soy,Whip,320,12,30,50,45,4,75
Java Chip Frappuccino® Blended Beverage,Tall,Coconut,No Whip,230,4.5,0,46,43,1,75
Java Chip Frappuccino® Blended Beverage,Tall,Coconut,Whip,320,13,30,50,46,2,75
Java Chip Frappuccino® Blended Beverage,Grande,Nonfat,No Whip,320,4,0,68,63,5,110
Java Chip Frappuccino® Blended Beverage,Grande,Nonfat,Whip,440,15,45,72,67,6,110
Java Chip Frappuccino® Blended Beverage,Grande,2%,No Whip,340,6,10,68,63,5,110
Java Chip Frappuccino® Blended Beverage,Grande,2%,Whip,460,17,50,72,66,6,110
Java Chip Frappuccino® Blended Beverage,Grande,Whole,No Whip,350,7,10,68,63,5,110
Java Chip Frappuccino® Blended Beverage,Grande,Whole,Whip,470,18,50,72,66,6,110
Java Chip Frappuccino® Blended Beverage,Grande,Soy,No Whip,330,6,0,66,61,5,110
Java Chip Frappuccino® Blended Beverage,Grande,Soy,Whip,450,17,40,71,64,5,110
Java Chip Frappuccino® Blended Beverage,Grande,Coconut,No Whip,320,6,0,66,61,2,110
Java Chip Frappuccino® Blended Beverage,Grande,Coconut,Whip,440,17,40,71,66,3,110
Java Chip Frappuccino® Blended Beverage,Venti®,Nonfat,No Whip,440,6,5,91,85,7,145
Java Chip Frappuccino® Blended Beverage,Venti®,Nonfat,Whip,560,17,45,96,89,8,145
Java Chip Frappuccino® Blended Beverage,Venti®,2%,No Whip,460,8,10,91,85,7,145
Java Chip Frappuccino® Blended Beverage,Venti®,2%,Whip,580,20,55,96,88,8,145
Java Chip Frappuccino® Blended Beverage,Venti®,Whole,No Whip,480,10,15,91,85,7,145
Java Chip Frappuccino® Blended Beverage,Venti®,Whole,Whip,600,22,55,96,88,8,145
Java Chip Frappuccino® Blended Beverage,Venti®,Soy,No Whip,450,8,0,89,81,7,145
Java Chip Frappuccino® Blended Beverage,Venti®,Soy,Whip,570,19,40,93,85,7,145
Java Chip Frappuccino® Blended Beverage,Venti®,Coconut,No Whip,440,9,0,89,82,3,145
Java Chip Frappuccino® Blended Beverage,Venti®,Coconut,Whip,560,20,40,94,87,4,145
Mocha Frappuccino® Blended Beverage,Tall,Nonfat,No Whip,190,0.5,0,42,40,3,75
Mocha Frappuccino® Blended Beverage,Tall,Nonfat,Whip,270,9,30,45,42,4,75
Mocha Frappuccino® Blended Beverage,Tall,2%,No Whip,200,2,5,42,40,3,75
Mocha Frappuccino® Blended Beverage,Tall,2%,Whip,280,10,35,44,42,4,75
Mocha Frappuccino® Blended Beverage,Tall,Whole,No Whip,210,3,10,42,40,3,75
Mocha Frappuccino® Blended Beverage,Tall,Whole,Whip,290,11,35,44,42,4,75
Mocha Frappuccino® Blended Beverage,Tall,Soy,No Whip,190,2,0,41,38,3,75
Mocha Frappuccino® Blended Beverage,Tall,Soy,Whip,270,10,30,43,40,3,75
Mocha Frappuccino® Blended Beverage,Tall,Coconut,No Whip,190,2,0,41,39,1,75
Mocha Frappuccino® Blended Beverage,Tall,Coconut,Whip,270,10,30,43,41,1,75
Mocha Frappuccino® Blended Beverage,Grande,Nonfat,No Whip,270,1,0,61,59,5,110
Mocha Frappuccino® Blended Beverage,Grande,Nonfat,Whip,390,12,45,65,61,5,110
Mocha Frappuccino® Blended Beverage,Grande,2%,No Whip,290,3,10,61,58,4,110
Mocha Frappuccino® Blended Beverage,Grande,2%,Whip,400,14,50,65,61,5,110
Mocha Frappuccino® Blended Beverage,Grande,Whole,No Whip,300,4,10,61,58,4,110
Mocha Frappuccino® Blended Beverage,Grande,Whole,Whip,410,15,50,65,61,5,110
Mocha Frappuccino® Blended Beverage,Grande,Soy,No Whip,280,2.5,0,60,56,4,110
Mocha Frappuccino® Blended Beverage,Grande,Soy,Whip,390,14,40,63,58,5,110
Mocha Frappuccino® Blended Beverage,Grande,Coconut,No Whip,270,3,0,60,57,1,110
Mocha Frappuccino® Blended Beverage,Grande,Coconut,Whip,390,14,40,63,60,2,110
Mocha Frappuccino® Blended Beverage,Venti®,Nonfat,No Whip,360,1,5,81,77,7,140
Mocha Frappuccino® Blended Beverage,Venti®,Nonfat,Whip,480,12,45,84,80,7,140
Mocha Frappuccino® Blended Beverage,Venti®,2%,No Whip,390,4,10,81,77,7,140
Mocha Frappuccino® Blended Beverage,Venti®,2%,Whip,500,15,55,84,80,7,140
Mocha Frappuccino® Blended Beverage,Venti®,Whole,No Whip,400,6,15,81,77,6,140
Mocha Frappuccino® Blended Beverage,Venti®,Whole,Whip,520,17,55,84,80,7,140
Mocha Frappuccino® Blended Beverage,Venti®,Soy,No Whip,370,3.5,0,79,74,6,140
Mocha Frappuccino® Blended Beverage,Venti®,Soy,Whip,490,15,40,82,76,6,140
Mocha Frappuccino® Blended Beverage,Venti®,Coconut,No Whip,360,4,0,79,75,2,140
Mocha Frappuccino® Blended Beverage,Venti®,Coconut,Whip,470,15,40,82,78,2,140
Caffè Vanilla Frappuccino® Light Blended Beverage,Tall,Nonfat,N/A,140,0.1,0,31,30,3,65
Caffè Vanilla Frappuccino® Light Blended Beverage,Grande,Nonfat,N/A,190,0.1,0,43,41,3,95
Caffè Vanilla Frappuccino® Light Blended Beverage,Venti®,Nonfat,N/A,250,0.2,5,58,55,5,125
Caramel Frappuccino® Light Blended Beverage,Tall,Nonfat,N/A,100,0.1,0,23,23,3,65
Caramel Frappuccino® Light Blended Beverage,Grande,Nonfat,N/A,150,0.1,0,33,32,3,90
Caramel Frappuccino® Light Blended Beverage,Venti®,Nonfat,N/A,200,0.1,5,44,43,5,120
Coffee Frappuccino® Light Blended Beverage,Tall,Nonfat,N/A,90,0.1,0,20,19,3,70
Coffee Frappuccino® Light Blended Beverage,Grande,Nonfat,N/A,120,0.1,0,26,26,3,95
Coffee Frappuccino® Light Blended Beverage,Venti®,Nonfat,N/A,160,0.1,5,34,33,5,120
Espresso Frappuccino® Light Blended Beverage,Tall,Nonfat,N/A,80,0,0,17,16,2,125
Espresso Frappuccino® Light Blended Beverage,Grande,Nonfat,N/A,120,0.1,0,26,24,3,155
Espresso Frappuccino® Light Blended Beverage,Venti®,Nonfat,N/A,160,0.1,0,35,34,5,190
Java Chip Light Frappuccino® Blended Beverage,Tall,Nonfat,N/A,160,3,0,30,27,4,75
Java Chip Light Frappuccino® Blended Beverage,Grande,Nonfat,N/A,230,4,0,43,39,5,110
Java Chip Light Frappuccino® Blended Beverage,Venti®,Nonfat,N/A,300,5,5,58,52,7,140
Mocha Light Frappuccino® Blended Beverage,Tall,Nonfat,N/A,120,0.5,0,24,23,3,70
Mocha Light Frappuccino® Blended Beverage,Grande,Nonfat,N/A,160,1,0,33,30,4,95
Mocha Light Frappuccino® Blended Beverage,Venti®,Nonfat,N/A,220,1,5,46,42,6,130
Blended Strawberry Lemonade,Tall,N/A,N/A,160,0.1,0,40,39,0.2,0
Blended Strawberry Lemonade,Grande,N/A,N/A,200,0.1,0,52,50,0.3,0
Blended Strawberry Lemonade,Venti®,N/A,N/A,280,0.1,0,71,69,0.4,0
Chai Crème Frappuccino® Blended Beverage,Tall,Nonfat,No Whip,140,0.1,0,33,32,4,20
Chai Crème Frappuccino® Blended Beverage,Tall,Nonfat,Whip,230,8,30,35,34,4,20
Chai Crème Frappuccino® Blended Beverage,Tall,2%,No Whip,160,2,10,32,32,3,20
Chai Crème Frappuccino® Blended Beverage,Tall,2%,Whip,240,10,40,35,34,4,20
Chai Crème Frappuccino® Blended Beverage,Tall,Whole,No Whip,170,3.5,10,32,32,3,20
Chai Crème Frappuccino® Blended Beverage,Tall,Whole,Whip,250,11,40,35,34,4,20
Chai Crème Frappuccino® Blended Beverage,Tall,Soy,No Whip,150,1.5,0,31,29,3,20
Chai Crème Frappuccino® Blended Beverage,Tall,Soy,Whip,230,10,30,33,31,3,20
Chai Crème Frappuccino® Blended Beverage,Tall,Coconut,No Whip,140,2,0,31,30,0.3,20
Chai Crème Frappuccino® Blended Beverage,Tall,Coconut,Whip,220,10,30,33,32,1,20
Chai Crème Frappuccino® Blended Beverage,Grande,Nonfat,No Whip,210,0.1,5,49,48,5,40
Chai Crème Frappuccino® Blended Beverage,Grande,Nonfat,Whip,330,11,45,53,50,5,40
Chai Crème Frappuccino® Blended Beverage,Grande,2%,No Whip,230,2.5,10,49,48,4,40
Chai Crème Frappuccino® Blended Beverage,Grande,2%,Whip,350,14,50,52,50,5,40
Chai Crème Frappuccino® Blended Beverage,Grande,Whole,No Whip,250,4,15,49,48,4,40
Chai Crème Frappuccino® Blended Beverage,Grande,Whole,Whip,360,15,55,52,50,5,40
Chai Crème Frappuccino® Blended Beverage,Grande,Soy,No Whip,220,2,0,47,45,4,40
Chai Crème Frappuccino® Blended Beverage,Grande,Soy,Whip,340,13,40,50,47,4,40
Chai Crème Frappuccino® Blended Beverage,Grande,Coconut,No Whip,210,2.5,0,47,46,1,40
Chai Crème Frappuccino® Blended Beverage,Grande,Coconut,Whip,330,14,40,50,49,1,40
Chai Crème Frappuccino® Blended Beverage,Venti®,Nonfat,No Whip,290,0.2,5,66,65,7,40
Chai Crème Frappuccino® Blended Beverage,Venti®,Nonfat,Whip,410,11,45,70,67,8,45
Chai Crème Frappuccino® Blended Beverage,Venti®,2%,No Whip,330,4,15,66,65,7,45
Chai Crème Frappuccino® Blended Beverage,Venti®,2%,Whip,440,15,60,69,67,8,45
Chai Crème Frappuccino® Blended Beverage,Venti®,Whole,No Whip,350,7,20,66,65,7,45
Chai Crème Frappuccino® Blended Beverage,Venti®,Whole,Whip,460,18,60,69,67,7,45
Chai Crème Frappuccino® Blended Beverage,Venti®,Soy,No Whip,300,3.5,0,63,60,6,45
Chai Crème Frappuccino® Blended Beverage,Venti®,Soy,Whip,420,14,40,66,62,7,45
Chai Crème Frappuccino® Blended Beverage,Venti®,Coconut,No Whip,290,4.5,0,63,61,1,45
Chai Crème Frappuccino® Blended Beverage,Venti®,Coconut,Whip,400,16,40,66,64,1,45
Double Chocolaty Chip Crème Frappuccino® Blended Beverage,Tall,Nonfat,No Whip,200,3,0,39,36,5,10
Double Chocolaty Chip Crème Frappuccino® Blended Beverage,Tall,Nonfat,Whip,280,11,30,42,39,5,10
Double Chocolaty Chip Crème Frappuccino® Blended Beverage,Tall,2%,No Whip,210,5,10,38,35,5,10
Double Chocolaty Chip Crème Frappuccino® Blended Beverage,Tall,2%,Whip,300,13,40,42,38,5,10
Double Chocolaty Chip Crème Frappuccino® Blended Beverage,Tall,Whole,No Whip,220,6,10,38,35,4,10
Double Chocolaty Chip Crème Frappuccino® Blended Beverage,Tall,Whole,Whip,310,14,40,42,38,5,10
Double Chocolaty Chip Crème Frappuccino® Blended Beverage,Tall,Soy,No Whip,200,4.5,0,37,33,4,10
Double Chocolaty Chip Crème Frappuccino® Blended Beverage,Tall,Soy,Whip,290,13,30,40,36,5,10
Double Chocolaty Chip Crème Frappuccino® Blended Beverage,Tall,Coconut,No Whip,200,5,0,37,34,1,10
Double Chocolaty Chip Crème Frappuccino® Blended Beverage,Tall,Coconut,Whip,280,13,30,41,37,2,10
Double Chocolaty Chip Crème Frappuccino® Blended Beverage,Grande,Nonfat,No Whip,270,4,5,53,49,6,15
Double Chocolaty Chip Crème Frappuccino® Blended Beverage,Grande,Nonfat,Whip,390,15,45,58,52,7,15
Double Chocolaty Chip Crème Frappuccino® Blended Beverage,Grande,2%,No Whip,290,7,10,53,49,6,15
Double Chocolaty Chip Crème Frappuccino® Blended Beverage,Grande,2%,Whip,410,18,50,57,52,7,15
Double Chocolaty Chip Crème Frappuccino® Blended Beverage,Grande,Whole,No Whip,300,8,15,53,49,6,15
Double Chocolaty Chip Crème Frappuccino® Blended Beverage,Grande,Whole,Whip,420,20,55,57,52,7,15
Double Chocolaty Chip Crème Frappuccino® Blended Beverage,Grande,Soy,No Whip,270,6,0,51,45,5,15
Double Chocolaty Chip Crème Frappuccino® Blended Beverage,Grande,Soy,Whip,400,17,40,55,49,6,15
Double Chocolaty Chip Crème Frappuccino® Blended Beverage,Grande,Coconut,No Whip,270,7,0,51,46,2,15
Double Chocolaty Chip Crème Frappuccino® Blended Beverage,Grande,Coconut,Whip,390,18,40,56,51,3,15
Double Chocolaty Chip Crème Frappuccino® Blended Beverage,Venti®,Nonfat,No Whip,360,6,5,71,66,9,20
Double Chocolaty Chip Crème Frappuccino® Blended Beverage,Venti®,Nonfat,Whip,480,17,45,76,69,9,20
Double Chocolaty Chip Crème Frappuccino® Blended Beverage,Venti®,2%,No Whip,390,9,15,71,65,9,20
Double Chocolaty Chip Crème Frappuccino® Blended Beverage,Venti®,2%,Whip,510,21,55,76,69,9,20
Double Chocolaty Chip Crème Frappuccino® Blended Beverage,Venti®,Whole,No Whip,410,12,20,71,65,8,20
Double Chocolaty Chip Crème Frappuccino® Blended Beverage,Venti®,Whole,Whip,540,23,60,76,69,9,20
Double Chocolaty Chip Crème Frappuccino® Blended Beverage,Venti®,Soy,No Whip,370,8,0,68,61,8,20
Double Chocolaty Chip Crème Frappuccino® Blended Beverage,Venti®,Soy,Whip,490,20,40,72,64,8,20
Double Chocolaty Chip Crème Frappuccino® Blended Beverage,Venti®,Coconut,No Whip,360,10,0,68,62,3,20
Double Chocolaty Chip Crème Frappuccino® Blended Beverage,Venti®,Coconut,Whip,480,21,40,73,67,3,20
Green Tea Crème Frappuccino® Blended Beverage,Tall,Nonfat,No Whip,210,0.2,0,47,46,4,50
Green Tea Crème Frappuccino® Blended Beverage,Tall,Nonfat,Whip,290,8,30,50,48,5,50
Green Tea Crème Frappuccino® Blended Beverage,Tall,2%,No Whip,230,2.5,10,47,46,4,50
Green Tea Crème Frappuccino® Blended Beverage,Tall,2%,Whip,310,10,40,50,48,5,50
Green Tea Crème Frappuccino® Blended Beverage,Tall,Whole,No Whip,240,3.5,10,47,46,4,50
Green Tea Crème Frappuccino® Blended Beverage,Tall,Whole,Whip,320,12,40,50,48,5,50
Green Tea Crème Frappuccino® Blended Beverage,Tall,Soy,No Whip,220,2,0,46,44,4,50
Green Tea Crème Frappuccino® Blended Beverage,Tall,Soy,Whip,300,10,30,48,45,4,50
Green Tea Crème Frappuccino® Blended Beverage,Tall,Coconut,No Whip,210,2.5,0,46,44,1,50
Green Tea Crème Frappuccino® Blended Beverage,Tall,Coconut,Whip,290,10,30,48,47,1,50
Green Tea Crème Frappuccino® Blended Beverage,Grande,Nonfat,No Whip,280,0.3,5,64,63,5,70
Green Tea Crème Frappuccino® Blended Beverage,Grande,Nonfat,Whip,400,11,45,68,65,6,70
Green Tea Crème Frappuccino® Blended Beverage,Grande,2%,No Whip,300,3,10,64,63,5,70
Green Tea Crème Frappuccino® Blended Beverage,Grande,2%,Whip,420,14,50,68,65,6,70
Green Tea Crème Frappuccino® Blended Beverage,Grande,Whole,No Whip,320,4.5,15,64,63,5,70
Green Tea Crème Frappuccino® Blended Beverage,Grande,Whole,Whip,430,16,55,68,65,6,70
Green Tea Crème Frappuccino® Blended Beverage,Grande,Soy,No Whip,290,2.5,0,62,60,5,70
Green Tea Crème Frappuccino® Blended Beverage,Grande,Soy,Whip,400,13,40,65,62,5,70
Green Tea Crème Frappuccino® Blended Beverage,Grande,Coconut,No Whip,280,3,0,62,61,1,70
Green Tea Crème Frappuccino® Blended Beverage,Grande,Coconut,Whip,390,14,40,66,64,2,70
Green Tea Crème Frappuccino® Blended Beverage,Venti®,Nonfat,No Whip,390,0.4,5,88,86,8,95
Green Tea Crème Frappuccino® Blended Beverage,Venti®,Nonfat,Whip,500,12,45,91,88,9,95
Green Tea Crème Frappuccino® Blended Beverage,Venti®,2%,No Whip,420,4,15,87,86,8,95
Green Tea Crème Frappuccino® Blended Beverage,Venti®,2%,Whip,530,15,55,91,88,8,95
Green Tea Crème Frappuccino® Blended Beverage,Venti®,Whole,No Whip,440,7,20,87,86,7,95
Green Tea Crème Frappuccino® Blended Beverage,Venti®,Whole,Whip,550,18,60,91,88,8,95
Green Tea Crème Frappuccino® Blended Beverage,Venti®,Soy,No Whip,400,3.5,0,84,81,7,95
Green Tea Crème Frappuccino® Blended Beverage,Venti®,Soy,Whip,510,15,40,87,83,7,95
Green Tea Crème Frappuccino® Blended Beverage,Venti®,Coconut,No Whip,380,4.5,0,85,82,2,95
Green Tea Crème Frappuccino® Blended Beverage,Venti®,Coconut,Whip,500,16,40,88,85,2,95
Oprah Cinnamon Chai Crème Frappuccino® Blended Beverage,Tall,Nonfat,No Whip,140,0.1,0,30,30,3,20
Oprah Cinnamon Chai Crème Frappuccino® Blended Beverage,Tall,Nonfat,Whip,220,8,30,33,32,3,20
Oprah Cinnamon Chai Crème Frappuccino® Blended Beverage,Tall,2%,No Whip,150,2,5,30,29,3,20
Oprah Cinnamon Chai Crème Frappuccino® Blended Beverage,Tall,2%,Whip,230,10,35,33,32,3,20
Oprah Cinnamon Chai Crème Frappuccino® Blended Beverage,Tall,Whole,No Whip,160,3,10,30,29,3,20
Oprah Cinnamon Chai Crème Frappuccino® Blended Beverage,Tall,Whole,Whip,240,11,40,33,32,3,20
Oprah Cinnamon Chai Crème Frappuccino® Blended Beverage,Tall,Soy,No Whip,140,1.5,0,29,27,2,20
Oprah Cinnamon Chai Crème Frappuccino® Blended Beverage,Tall,Soy,Whip,220,9,30,31,30,3,20
Oprah Cinnamon Chai Crème Frappuccino® Blended Beverage,Tall,Coconut,No Whip,140,2,0,29,28,0.2,20
Oprah Cinnamon Chai Crème Frappuccino® Blended Beverage,Tall,Coconut,Whip,220,10,30,31,30,1,20
Oprah Cinnamon Chai Crème Frappuccino® Blended Beverage,Grande,Nonfat,No Whip,190,0.1,0,42,41,4,25
Oprah Cinnamon Chai Crème Frappuccino® Blended Beverage,Grande,Nonfat,Whip,300,11,45,45,44,4,25
Oprah Cinnamon Chai Crème Frappuccino® Blended Beverage,Grande,2%,No Whip,200,2,10,42,41,4,25
Oprah Cinnamon Chai Crème Frappuccino® Blended Beverage,Grande,2%,Whip,320,13,50,45,44,4,25
Oprah Cinnamon Chai Crème Frappuccino® Blended Beverage,Grande,Whole,No Whip,220,3.5,10,42,41,3,25
Oprah Cinnamon Chai Crème Frappuccino® Blended Beverage,Grande,Whole,Whip,330,15,50,45,44,4,25
Oprah Cinnamon Chai Crème Frappuccino® Blended Beverage,Grande,Soy,No Whip,190,2,0,40,38,3,25
Oprah Cinnamon Chai Crème Frappuccino® Blended Beverage,Grande,Soy,Whip,310,13,40,43,41,4,25
Oprah Cinnamon Chai Crème Frappuccino® Blended Beverage,Grande,Coconut,No Whip,190,2.5,0,40,39,0.2,25
Oprah Cinnamon Chai Crème Frappuccino® Blended Beverage,Grande,Coconut,Whip,300,14,40,43,42,1,25
Oprah Cinnamon Chai Crème Frappuccino® Blended Beverage,Venti®,Nonfat,No Whip,260,0.1,5,59,58,6,40
Oprah Cinnamon Chai Crème Frappuccino® Blended Beverage,Venti®,Nonfat,Whip,380,11,45,63,61,6,40
Oprah Cinnamon Chai Crème Frappuccino® Blended Beverage,Venti®,2%,No Whip,290,3.5,15,59,57,6,40
Oprah Cinnamon Chai Crème Frappuccino® Blended Beverage,Venti®,2%,Whip,410,15,55,62,61,6,40
Oprah Cinnamon Chai Crème Frappuccino® Blended Beverage,Venti®,Whole,No Whip,310,6,15,59,57,5,40
Oprah Cinnamon Chai Crème Frappuccino® Blended Beverage,Venti®,Whole,Whip,420,17,60,62,61,6,40
Oprah Cinnamon Chai Crème Frappuccino® Blended Beverage,Venti®,Soy,No Whip,270,2.5,0,56,53,5,40
Oprah Cinnamon Chai Crème Frappuccino® Blended Beverage,Venti®,Soy,Whip,390,14,40,59,56,5,40
Oprah Cinnamon Chai Crème Frappuccino® Blended Beverage,Venti®,Coconut,No Whip,270,4,0,57,55,0.4,40
Oprah Cinnamon Chai Crème Frappuccino® Blended Beverage,Venti®,Coconut,Whip,380,15,40,60,58,1,40
Strawberries & Crème Frappuccino® Blended Beverage,Tall,Nonfat,No Whip,170,0.1,0,38,37,3,0
Strawberries & Crème Frappuccino® Blended Beverage,Tall,Nonfat,Whip,250,8,30,41,39,4,0
Strawberries & Crème Frappuccino® Blended Beverage,Tall,2%,No Whip,180,2,5,38,37,3,0
Strawberries & Crème Frappuccino® Blended Beverage,Tall,2%,Whip,260,10,35,40,39,4,0
Strawberries & Crème Frappuccino® Blended Beverage,Tall,Whole,No Whip,190,3,10,38,37,3,0
Strawberries & Crème Frappuccino® Blended Beverage,Tall,Whole,Whip,270,11,40,40,39,3,0
Strawberries & Crème Frappuccino® Blended Beverage,Tall,Soy,No Whip,170,1.5,0,37,35,3,0
Strawberries & Crème Frappuccino® Blended Beverage,Tall,Soy,Whip,250,9,30,39,37,3,0
Strawberries & Crème Frappuccino® Blended Beverage,Tall,Coconut,No Whip,170,2,0,37,35,0.3,0
Strawberries & Crème Frappuccino® Blended Beverage,Tall,Coconut,Whip,250,10,30,39,38,1,0
Strawberries & Crème Frappuccino® Blended Beverage,Grande,Nonfat,No Whip,230,0.2,0,53,52,4,0
Strawberries & Crème Frappuccino® Blended Beverage,Grande,Nonfat,Whip,340,11,45,56,54,5,0
Strawberries & Crème Frappuccino® Blended Beverage,Grande,2%,No Whip,250,2.5,10,53,51,4,0
Strawberries & Crème Frappuccino® Blended Beverage,Grande,2%,Whip,360,14,50,56,54,5,0
Strawberries & Crème Frappuccino® Blended Beverage,Grande,Whole,No Whip,260,4,10,53,51,4,0
Strawberries & Crème Frappuccino® Blended Beverage,Grande,Whole,Whip,370,15,55,56,54,4,0
Strawberries & Crème Frappuccino® Blended Beverage,Grande,Soy,No Whip,240,2,0,51,49,3,0
Strawberries & Crème Frappuccino® Blended Beverage,Grande,Soy,Whip,350,13,40,54,51,4,0
Strawberries & Crème Frappuccino® Blended Beverage,Grande,Coconut,No Whip,230,2.5,0,51,49,0.4,0
Strawberries & Crème Frappuccino® Blended Beverage,Grande,Coconut,Whip,340,14,40,54,53,1,0
Strawberries & Crème Frappuccino® Blended Beverage,Venti®,Nonfat,No Whip,300,0.2,5,70,68,6,0
Strawberries & Crème Frappuccino® Blended Beverage,Venti®,Nonfat,Whip,420,11,45,73,70,7,0
Strawberries & Crème Frappuccino® Blended Beverage,Venti®,2%,No Whip,330,3.5,15,69,68,6,0
Strawberries & Crème Frappuccino® Blended Beverage,Venti®,2%,Whip,450,15,55,73,70,7,0
Strawberries & Crème Frappuccino® Blended Beverage,Venti®,Whole,No Whip,350,6,15,69,68,6,0
Strawberries & Crème Frappuccino® Blended Beverage,Venti®,Whole,Whip,460,17,60,73,70,6,0
Strawberries & Crème Frappuccino® Blended Beverage,Venti®,Soy,No Whip,310,3,0,67,63,5,0
Strawberries & Crème Frappuccino® Blended Beverage,Venti®,Soy,Whip,430,14,40,70,66,6,0
Strawberries & Crème Frappuccino® Blended Beverage,Venti®,Coconut,No Whip,300,3.5,0,67,65,1,0
Strawberries & Crème Frappuccino® Blended Beverage,Venti®,Coconut,Whip,420,15,40,70,68,1,0
Vanilla Bean Crème Frappuccino® Blended Crème,Tall,Nonfat,No Whip,170,0.1,0,39,38,4,0
Vanilla Bean Crème Frappuccino® Blended Crème,Tall,Nonfat,Whip,250,8,30,41,40,4,0
Vanilla Bean Crème Frappuccino® Blended Crème,Tall,2%,No Whip,190,2,10,39,38,4,0
Vanilla Bean Crème Frappuccino® Blended Crème,Tall,2%,Whip,270,10,40,41,39,4,0
Vanilla Bean Crème Frappuccino® Blended Crème,Tall,Whole,No Whip,200,3.5,10,39,38,3,0
Vanilla Bean Crème Frappuccino® Blended Crème,Tall,Whole,Whip,280,11,40,41,39,4,0
Vanilla Bean Crème Frappuccino® Blended Crème,Tall,Soy,No Whip,180,1.5,0,37,35,3,0
Vanilla Bean Crème Frappuccino® Blended Crème,Tall,Soy,Whip,260,10,30,39,37,3,0
Vanilla Bean Crème Frappuccino® Blended Crème,Tall,Coconut,No Whip,170,2.5,0,37,36,0.2,0
Vanilla Bean Crème Frappuccino® Blended Crème,Tall,Coconut,Whip,250,10,30,39,38,1,0
Vanilla Bean Crème Frappuccino® Blended Crème,Grande,Nonfat,No Whip,240,0.1,8,56,55,5,0
Vanilla Bean Crème Frappuccino® Blended Crème,Grande,Nonfat,Whip,360,11,45,60,57,5,0
Vanilla Bean Crème Frappuccino® Blended Crème,Grande,2%,No Whip,270,3,10,56,55,5,0
Vanilla Bean Crème Frappuccino® Blended Crème,Grande,2%,Whip,380,14,55,59,57,5,0
Vanilla Bean Crème Frappuccino® Blended Crème,Grande,Whole,No Whip,280,4.5,15,56,55,4,0
Vanilla Bean Crème Frappuccino® Blended Crème,Grande,Whole,Whip,400,16,55,59,57,5,0
Vanilla Bean Crème Frappuccino® Blended Crème,Grande,Soy,No Whip,250,2.5,0,54,51,4,0
Vanilla Bean Crème Frappuccino® Blended Crème,Grande,Soy,Whip,370,13,40,57,54,5,0
Vanilla Bean Crème Frappuccino® Blended Crème,Grande,Coconut,No Whip,240,3,0,54,52,0.3,0
Vanilla Bean Crème Frappuccino® Blended Crème,Grande,Coconut,Whip,360,14,40,57,56,1,0
Vanilla Bean Crème Frappuccino® Blended Crème,Venti®,Nonfat,No Whip,320,0.2,5,73,71,7,0
Vanilla Bean Crème Frappuccino® Blended Crème,Venti®,Nonfat,Whip,430,11,45,76,73,7,0
Vanilla Bean Crème Frappuccino® Blended Crème,Venti®,2%,No Whip,350,4,15,73,71,7,0
Vanilla Bean Crème Frappuccino® Blended Crème,Venti®,2%,Whip,460,15,55,76,73,7,0
Vanilla Bean Crème Frappuccino® Blended Crème,Venti®,Whole,No Whip,370,7,20,73,71,6,0
Vanilla Bean Crème Frappuccino® Blended Crème,Venti®,Whole,Whip,490,18,60,76,73,7,0
Vanilla Bean Crème Frappuccino® Blended Crème,Venti®,Soy,No Whip,330,3,0,69,66,6,0
Vanilla Bean Crème Frappuccino® Blended Crème,Venti®,Soy,Whip,440,14,40,73,68,6,0
Vanilla Bean Crème Frappuccino® Blended Crème,Venti®,Coconut,No Whip,310,4.5,0,69,67,0.5,0
Vanilla Bean Crème Frappuccino® Blended Crème,Venti®,Coconut,Whip,430,15,40,73,70,1,0
Caramel Apple Spice,Kids,N/A,No Whip,140,0,0,35,33,0,0
Caramel Apple Spice,Kids,N/A,Whip,210,6,20,40,37,0.3,0
Caramel Apple Spice,Short,N/A,No Whip,140,0,0,35,33,0,0
Caramel Apple Spice,Short,N/A,Whip,210,6,20,40,37,0.3,0
Caramel Apple Spice,Tall,N/A,No Whip,210,0,0,53,49,0,0
Caramel Apple Spice,Tall,N/A,Whip,300,7,25,59,55,0.4,0
Caramel Apple Spice,Grande,N/A,No Whip,280,0,0,70,65,0,0
Caramel Apple Spice,Grande,N/A,Whip,380,8,30,76,71,0.5,0
Caramel Apple Spice,Venti®,N/A,No Whip,360,0,0,89,83,0,0
Caramel Apple Spice,Venti®,N/A,Whip,450,8,30,95,88,0.5,0
Hot Chocolate,Kids,Nonfat,No Whip,140,1.5,5,26,23,7,15
Hot Chocolate,Kids,Nonfat,Whip,200,6,20,29,24,8,15
Hot Chocolate,Kids,2%,No Whip,170,4.5,15,26,22,7,15
Hot Chocolate,Kids,2%,Whip,230,10,30,28,24,7,15
Hot Chocolate,Kids,Whole,No Whip,190,7,15,26,22,7,15
Hot Chocolate,Kids,Whole,Whip,250,12,35,28,24,7,15
Hot Chocolate,Kids,Soy,No Whip,150,3.5,0,23,18,6,15
Hot Chocolate,Kids,Soy,Whip,210,9,20,25,20,6,15
Hot Chocolate,Kids,Coconut,No Whip,140,5,0,23,20,2,15
Hot Chocolate,Kids,Coconut,Whip,200,10,20,26,22,2,15
Hot Chocolate,Short,Nonfat,No Whip,140,1.5,5,26,23,7,15
Hot Chocolate,Short,Nonfat,Whip,200,6,20,29,24,8,15
Hot Chocolate,Short,2%,No Whip,170,4.5,15,26,22,7,15
Hot Chocolate,Short,2%,Whip,230,10,30,28,24,7,15
Hot Chocolate,Short,Whole,No Whip,190,7,15,26,22,7,15
Hot Chocolate,Short,Whole,Whip,250,12,35,28,24,7,15
Hot Chocolate,Short,Soy,No Whip,150,3.5,0,23,18,6,15
Hot Chocolate,Short,Soy,Whip,210,9,20,25,20,6,15
Hot Chocolate,Short,Coconut,No Whip,140,5,0,23,20,2,15
Hot Chocolate,Short,Coconut,Whip,200,10,20,26,22,2,15
Hot Chocolate,Tall,Nonfat,No Whip,210,2,5,37,32,11,20
Hot Chocolate,Tall,Nonfat,Whip,280,8,30,40,34,11,20
Hot Chocolate,Tall,2%,No Whip,250,7,20,37,32,11,20
Hot Chocolate,Tall,2%,Whip,320,13,45,39,34,11,20
Hot Chocolate,Tall,Whole,No Whip,280,10,25,37,32,10,20
Hot Chocolate,Tall,Whole,Whip,350,16,50,39,34,11,20
Hot Chocolate,Tall,Soy,No Whip,220,6,0,32,25,9,20
Hot Chocolate,Tall,Soy,Whip,290,12,25,35,28,9,20
Hot Chocolate,Tall,Coconut,No Whip,210,8,0,33,28,3,20
Hot Chocolate,Tall,Coconut,Whip,280,14,25,36,31,3,20
Hot Chocolate,Grande,Nonfat,No Whip,270,2.5,5,47,41,14,25
Hot Chocolate,Grande,Nonfat,Whip,350,10,35,51,43,15,25
Hot Chocolate,Grande,2%,No Whip,320,9,25,47,41,14,25
Hot Chocolate,Grande,2%,Whip,400,16,55,50,43,14,25
Hot Chocolate,Grande,Whole,No Whip,360,13,35,47,41,13,25
Hot Chocolate,Grande,Whole,Whip,440,20,60,50,43,14,25
Hot Chocolate,Grande,Soy,No Whip,280,8,0,41,32,12,25
Hot Chocolate,Grande,Soy,Whip,360,15,25,44,35,12,25
Hot Chocolate,Grande,Coconut,No Whip,270,10,0,42,35,4,25
Hot Chocolate,Grande,Coconut,Whip,350,17,25,46,38,4,30
Hot Chocolate,Venti®,Nonfat,No Whip,350,3.5,10,63,55,18,35
Hot Chocolate,Venti®,Nonfat,Whip,430,10,35,66,58,18,35
Hot Chocolate,Venti®,2%,No Whip,420,11,35,62,55,17,35
Hot Chocolate,Venti®,2%,Whip,500,19,60,66,57,18,35
Hot Chocolate,Venti®,Whole,No Whip,470,17,45,62,55,17,35
Hot Chocolate,Venti®,Whole,Whip,550,24,70,66,57,17,35
Hot Chocolate,Venti®,Soy,No Whip,370,9,0,55,44,15,35
Hot Chocolate,Venti®,Soy,Whip,450,17,25,58,46,15,35
Hot Chocolate,Venti®,Coconut,No Whip,360,13,0,57,48,4,35
Hot Chocolate,Venti®,Coconut,Whip,430,20,25,60,51,5,35
Lemonade,Kids,N/A,N/A,80,0,0,21,21,0.1,0
Lemonade,Tall,N/A,N/A,80,0,0,21,21,0.1,0
Lemonade,Grande,N/A,N/A,110,0,0,29,29,0.2,0
Lemonade,Venti®,N/A,N/A,150,0,0,41,41,0.2,0
Lemonade,Trenta,N/A,N/A,180,0,0,49,49,0.3,0
Milk,Tall,Nonfat,N/A,140,0.3,10,20,20,14,0
Milk,Tall,2%,N/A,200,8,30,19,19,13,0
Milk,Tall,Whole,N/A,240,13,40,19,19,13,0
Milk,Tall,Soy,N/A,160,6,0,13,10,11,0
Milk,Tall,Coconut,N/A,130,9,0,13,13,1,0
Milk,Grande,Nonfat,N/A,180,0.4,10,26,26,18,0
Milk,Grande,2%,N/A,260,10,40,25,25,17,0
Milk,Grande,Whole,N/A,320,17,55,25,25,17,0
Milk,Grande,Soy,N/A,210,8,0,17,13,15,0
Milk,Grande,Coconut,N/A,180,11,0,18,17,1,0
Milk,Venti®,Nonfat,N/A,250,0.5,15,37,37,25,0
Milk,Venti®,2%,N/A,370,15,60,36,36,24,0
Milk,Venti®,Whole,N/A,450,24,75,36,36,23,0
Milk,Venti®,Soy,N/A,300,12,0,24,18,21,0
Milk,Venti®,Coconut,N/A,250,16,0,25,23,2,0
Skinny Hot Chocolate,Kids,Nonfat,N/A,80,1,5,12,8,7,0
Skinny Hot Chocolate,Short,Nonfat,N/A,80,1,5,12,8,7,0
Skinny Hot Chocolate,Tall,Nonfat,N/A,130,1.5,5,18,13,11,0
Skinny Hot Chocolate,Grande,Nonfat,N/A,170,1.5,5,24,17,14,0
Skinny Hot Chocolate,Venti®,Nonfat,N/A,210,2,10,30,21,18,0
Steamed Apple Juice,Kids,N/A,N/A,120,0,0,30,27,0,0
Steamed Apple Juice,Short,N/A,N/A,120,0,0,30,27,0,0
Steamed Apple Juice,Tall,N/A,N/A,170,0,0,44,39,0,0
Steamed Apple Juice,Grande,N/A,N/A,220,0,0,55,50,0,0
Steamed Apple Juice,Venti®,N/A,N/A,280,0,0,69,62,0,0
Steamed Milk,Kids,Nonfat,N/A,70,0.2,5,10,10,7,0
Steamed Milk,Kids,2%,N/A,100,4,15,10,10,7,0
Steamed Milk,Kids,Whole,N/A,120,7,20,10,10,6,0
Steamed Milk,Kids,Soy,N/A,80,3,0,6,5,5,0
Steamed Milk,Kids,Coconut,N/A,70,5,0,7,7,0.5,0
Steamed Milk,Short,Nonfat,N/A,70,0.2,5,10,10,7,0
Steamed Milk,Short,2%,N/A,100,4,15,10,10,7,0
Steamed Milk,Short,Whole,N/A,120,7,20,10,10,6,0
Steamed Milk,Short,Soy,N/A,80,3,0,6,5,5,0
Steamed Milk,Short,Coconut,N/A,70,5,0,7,7,0.5,0
Steamed Milk,Tall,Nonfat,N/A,110,0.2,5,15,15,10,0
Steamed Milk,Tall,2%,N/A,160,6,25,15,15,10,0
Steamed Milk,Tall,Whole,N/A,190,10,30,15,15,10,0
Steamed Milk,Tall,Soy,N/A,120,4.5,0,9,7,8,0
Steamed Milk,Tall,Coconut,N/A,110,7,0,11,11,1,0
Steamed Milk,Grande,Nonfat,N/A,140,0.3,10,20,20,14,0
Steamed Milk,Grande,2%,N/A,200,8,30,19,19,13,0
Steamed Milk,Grande,Whole,N/A,250,13,40,19,19,13,0
Steamed Milk,Grande,Soy,N/A,150,6,0,12,9,11,0
Steamed Milk,Grande,Coconut,N/A,150,9,0,15,14,1,0
Steamed Milk,Venti®,Nonfat,N/A,170,0.4,10,25,25,17,0
Steamed Milk,Venti®,2%,N/A,260,10,40,25,25,17,0
Steamed Milk,Venti®,Whole,N/A,310,17,50,25,25,16,0
Steamed Milk,Venti®,Soy,N/A,200,8,0,16,12,14,0
Steamed Milk,Venti®,Coconut,N/A,180,12,0,18,17,1,0
Vanilla Steamer,Kids,Nonfat,N/A,100,0.2,5,19,19,6,0
Vanilla Steamer,Kids,2%,N/A,130,4,15,19,19,6,0
Vanilla Steamer,Kids,Whole,N/A,150,6,20,19,19,6,0
Vanilla Steamer,Kids,Soy,N/A,110,3,0,15,14,5,0
Vanilla Steamer,Kids,Coconut,N/A,110,4.5,0,16,16,0.5,0
Vanilla Steamer,Short,Nonfat,N/A,100,0.2,5,19,19,6,0
Vanilla Steamer,Short,2%,N/A,130,4,15,19,19,6,0
Vanilla Steamer,Short,Whole,N/A,150,6,20,19,19,6,0
Vanilla Steamer,Short,Soy,N/A,110,3,0,15,14,5,0
Vanilla Steamer,Short,Coconut,N/A,110,4.5,0,16,16,0.5,0
Vanilla Steamer,Tall,Nonfat,N/A,160,0.2,5,29,29,10,0
Vanilla Steamer,Tall,2%,N/A,200,6,25,28,28,10,0
Vanilla Steamer,Tall,Whole,N/A,230,9,30,28,28,9,0
Vanilla Steamer,Tall,Soy,N/A,170,4.5,0,23,21,8,0
Vanilla Steamer,Tall,Coconut,N/A,160,7,0,25,24,1,0
Vanilla Steamer,Grande,Nonfat,N/A,200,0.3,10,38,38,13,0
Vanilla Steamer,Grande,2%,N/A,270,7,30,37,37,12,0
Vanilla Steamer,Grande,Whole,N/A,310,12,40,37,37,12,0
Vanilla Steamer,Grande,Soy,N/A,220,6,0,30,27,10,0
Vanilla Steamer,Grande,Coconut,N/A,210,9,0,32,32,1,0
Vanilla Steamer,Venti®,Nonfat,N/A,260,0.4,10,48,47,16,0
Vanilla Steamer,Venti®,2%,N/A,340,10,40,47,47,16,0
Vanilla Steamer,Venti®,Whole,N/A,390,16,50,47,47,15,0
Vanilla Steamer,Venti®,Soy,N/A,280,7,0,38,35,13,0
Vanilla Steamer,Venti®,Coconut,N/A,270,11,0,41,40,1,0
White Hot Chocolate,Kids,Nonfat,No Whip,180,3,5,31,30,8,0
White Hot Chocolate,Kids,Nonfat,Whip,230,8,25,32,32,8,0
White Hot Chocolate,Kids,2%,No Whip,210,6,15,30,30,8,0
White Hot Chocolate,Kids,2%,Whip,260,11,35,32,31,8,0
White Hot Chocolate,Kids,Whole,No Whip,220,8,20,30,30,7,0
White Hot Chocolate,Kids,Whole,Whip,280,14,40,32,31,8,0
White Hot Chocolate,Kids,Soy,No Whip,190,5,5,27,26,6,0
White Hot Chocolate,Kids,Soy,Whip,240,11,20,29,27,7,0
White Hot Chocolate,Kids,Coconut,No Whip,180,7,5,28,28,2,0
White Hot Chocolate,Kids,Coconut,Whip,230,12,20,30,29,3,0
White Hot Chocolate,Short,Nonfat,No Whip,180,3,5,31,30,8,0
White Hot Chocolate,Short,Nonfat,Whip,230,8,25,32,32,8,0
White Hot Chocolate,Short,2%,No Whip,210,6,15,30,30,8,0
White Hot Chocolate,Short,2%,Whip,260,11,35,32,31,8,0
White Hot Chocolate,Short,Whole,No Whip,220,8,20,30,30,7,0
White Hot Chocolate,Short,Whole,Whip,280,14,40,32,31,8,0
White Hot Chocolate,Short,Soy,No Whip,190,5,5,27,26,6,0
White Hot Chocolate,Short,Soy,Whip,240,11,20,29,27,7,0
White Hot Chocolate,Short,Coconut,No Whip,180,7,5,28,28,2,0
White Hot Chocolate,Short,Coconut,Whip,230,12,20,30,29,3,0
White Hot Chocolate,Tall,Nonfat,No Whip,270,4.5,10,46,46,12,0
White Hot Chocolate,Tall,Nonfat,Whip,330,11,30,48,47,12,0
White Hot Chocolate,Tall,2%,No Whip,310,9,25,46,46,12,0
White Hot Chocolate,Tall,2%,Whip,370,16,45,48,47,12,0
White Hot Chocolate,Tall,Whole,No Whip,340,13,30,46,46,11,0
White Hot Chocolate,Tall,Whole,Whip,400,19,55,48,47,11,0
White Hot Chocolate,Tall,Soy,No Whip,280,8,5,41,39,10,0
White Hot Chocolate,Tall,Soy,Whip,340,14,25,43,40,10,0
White Hot Chocolate,Tall,Coconut,No Whip,270,10,5,42,42,3,0
White Hot Chocolate,Tall,Coconut,Whip,330,16,25,44,43,4,0
White Hot Chocolate,Grande,Nonfat,No Whip,360,6,10,61,61,15,0
White Hot Chocolate,Grande,Nonfat,Whip,430,13,40,63,62,16,0
White Hot Chocolate,Grande,2%,No Whip,410,12,30,61,60,15,0
White Hot Chocolate,Grande,2%,Whip,480,19,60,63,62,15,0
White Hot Chocolate,Grande,Whole,No Whip,450,17,40,61,60,15,0
White Hot Chocolate,Grande,Whole,Whip,520,24,65,63,62,15,0
White Hot Chocolate,Grande,Soy,No Whip,370,11,5,55,52,13,0
White Hot Chocolate,Grande,Soy,Whip,440,18,30,57,53,13,0
White Hot Chocolate,Grande,Coconut,No Whip,360,13,5,56,55,5,0
White Hot Chocolate,Grande,Coconut,Whip,430,20,30,58,57,5,0
White Hot Chocolate,Venti®,Nonfat,No Whip,450,7,15,77,77,20,0
White Hot Chocolate,Venti®,Nonfat,Whip,520,14,40,79,78,20,0
White Hot Chocolate,Venti®,2%,No Whip,520,16,40,76,76,19,0
White Hot Chocolate,Venti®,2%,Whip,590,23,65,78,78,20,0
White Hot Chocolate,Venti®,Whole,No Whip,570,21,50,76,76,19,0
White Hot Chocolate,Venti®,Whole,Whip,640,28,75,78,78,19,0
White Hot Chocolate,Venti®,Soy,No Whip,470,14,5,69,65,16,0
White Hot Chocolate,Venti®,Soy,Whip,540,21,30,71,67,17,0
White Hot Chocolate,Venti®,Coconut,No Whip,450,17,5,71,69,6,0
White Hot Chocolate,Venti®,Coconut,Whip,520,24,30,73,71,6,0